*** zstd command line interface 64-bits v1.5.3, by Yann Collet ***
SKIP: init 1: 1 for nsock=1
SKIP: still to skip 1 packets in socket 0
compression command: zstd -1 --block-size=50M --zstd='strategy=0,windowLog=15,hashLog=7,searchLog=1,minMatch=7' -T2 -f -q -o %s
starting dump_udp_ow_17.c with MYDEBUG
packlen 7824
filename starlink
portlist 16140
timeout 10.000000 sec
duration 4500.000 sec
check beamformed statistics
port 0  16140
own buffer size: 1000000000
running for max 4500.000 sec...
listening to 16140
socket buffer size for port 16140: 425984
first packet received from source 10.170.14.1:4346
start compression pipe

creating starlink_16140.radio.2026-03-07T16:40:01.579_0000.zst
total   0.931 GB  max buff 336432/1000001536 (0.0 % full)  mean frac 6.452e-08

port 16140 :   213261 exp   40.067804 % missed    0.000000 % dropped    0.931 GB
                           100.000000 % good
      block:   213261 exp   40.067804 % missed    0.000000 % dropped
                           100.000000 % good
total   1.863 GB  max buff 336432/1000001536 (0.0 % full)  mean frac 3.226e-08

port 16140 :   341073 exp   25.052995 % missed    0.000000 % dropped    1.863 GB
                           100.000000 % good
      block:   127812 exp    0.000000 % missed    0.000000 % dropped
                           100.000000 % good
total   2.794 GB  max buff 336432/1000001536 (0.0 % full)  mean frac 2.151e-08

port 16140 :   468885 exp   18.223872 % missed    0.000000 % dropped    2.794 GB
                           100.000000 % good
      block:   127812 exp    0.000000 % missed    0.000000 % dropped
                           100.000000 % good
total   3.725 GB  max buff 336432/1000001536 (0.0 % full)  mean frac 1.613e-08

port 16140 :   682147 exp   25.053104 % missed    0.000000 % dropped    3.725 GB
                           100.000000 % good
      block:   213262 exp   40.068085 % missed    0.000000 % dropped
                           100.000000 % good
total   4.657 GB  max buff 336432/1000001536 (0.0 % full)  mean frac 1.290e-08

port 16140 :   809959 exp   21.099710 % missed    0.000000 % dropped    4.657 GB
                           100.000000 % good
      block:   127812 exp    0.000000 % missed    0.000000 % dropped
                           100.000000 % good
total   5.588 GB  max buff 336432/1000001536 (0.0 % full)  mean frac 1.075e-08

port 16140 :  1023220 exp   25.053068 % missed    0.000000 % dropped    5.588 GB
                           100.000000 % good
      block:   213261 exp   40.067804 % missed    0.000000 % dropped
                           100.000000 % good
total   6.519 GB  max buff 336432/1000001536 (0.0 % full)  mean frac 9.217e-09

port 16140 :  1151032 exp   22.271145 % missed    0.000000 % dropped    6.519 GB
                           100.000000 % good
      block:   127812 exp    0.000000 % missed    0.000000 % dropped
                           100.000000 % good
total   7.451 GB  max buff 336432/1000001536 (0.0 % full)  mean frac 8.065e-09

port 16140 :  1364293 exp   25.053049 % missed    0.000000 % dropped    7.451 GB
                           100.000000 % good
      block:   213261 exp   40.067804 % missed    0.000000 % dropped
                           100.000000 % good
total   8.382 GB  max buff 336432/1000001536 (0.0 % full)  mean frac 7.169e-09

port 16140 :  1492105 exp   22.907034 % missed    0.000000 % dropped    8.382 GB
                           100.000000 % good
      block:   127812 exp    0.000000 % missed    0.000000 % dropped
                           100.000000 % good
total   9.313 GB  max buff 336432/1000001536 (0.0 % full)  mean frac 6.452e-09

port 16140 :  1705366 exp   25.053038 % missed    0.000000 % dropped    9.313 GB
                           100.000000 % good
      block:   213261 exp   40.067804 % missed    0.000000 % dropped
                           100.000000 % good
total  10.245 GB  max buff 336432/1000001536 (0.0 % full)  mean frac 5.865e-09

port 16140 :  1833178 exp   23.306302 % missed    0.000000 % dropped   10.245 GB
                           100.000000 % good
      block:   127812 exp    0.000000 % missed    0.000000 % dropped
                           100.000000 % good
total  11.176 GB  max buff 336432/1000001536 (0.0 % full)  mean frac 5.377e-09

port 16140 :  2046439 exp   25.053031 % missed    0.000000 % dropped   11.176 GB
                           100.000000 % good
      block:   213261 exp   40.067804 % missed    0.000000 % dropped
                           100.000000 % good
total  12.107 GB  max buff 336432/1000001536 (0.0 % full)  mean frac 4.963e-09

port 16140 :  2174251 exp   23.580304 % missed    0.000000 % dropped   12.107 GB
                           100.000000 % good
      block:   127812 exp    0.000000 % missed    0.000000 % dropped
                           100.000000 % good
total  13.039 GB  max buff 336432/1000001536 (0.0 % full)  mean frac 4.609e-09

port 16140 :  2302063 exp   22.271111 % missed    0.000000 % dropped   13.039 GB
                           100.000000 % good
      block:   127812 exp    0.000000 % missed    0.000000 % dropped
                           100.000000 % good
total  13.970 GB  max buff 336432/1000001536 (0.0 % full)  mean frac 4.301e-09

port 16140 :  2515324 exp   23.779998 % missed    0.000000 % dropped   13.970 GB
                           100.000000 % good
      block:   213261 exp   40.067804 % missed    0.000000 % dropped
                           100.000000 % good
total  14.901 GB  max buff 336432/1000001536 (0.0 % full)  mean frac 4.033e-09

port 16140 :  2643136 exp   22.630088 % missed    0.000000 % dropped   14.901 GB
                           100.000000 % good
      block:   127812 exp    0.000000 % missed    0.000000 % dropped
                           100.000000 % good
total  15.833 GB  max buff 336432/1000001536 (0.0 % full)  mean frac 3.795e-09

port 16140 :  2856398 exp   23.932029 % missed    0.000000 % dropped   15.833 GB
                           100.000000 % good
      block:   213262 exp   40.068085 % missed    0.000000 % dropped
                           100.000000 % good
total  16.764 GB  max buff 336432/1000001536 (0.0 % full)  mean frac 3.584e-09

port 16140 :  2984210 exp   22.907034 % missed    0.000000 % dropped   16.764 GB
                           100.000000 % good
      block:   127812 exp    0.000000 % missed    0.000000 % dropped
                           100.000000 % good
total  17.695 GB  max buff 336432/1000001536 (0.0 % full)  mean frac 3.396e-09

port 16140 :  3197471 exp   24.051602 % missed    0.000000 % dropped   17.695 GB
                           100.000000 % good
      block:   213261 exp   40.067804 % missed    0.000000 % dropped
                           100.000000 % good
total  18.626 GB  max buff 336432/1000001536 (0.0 % full)  mean frac 3.226e-09

port 16140 :  3325283 exp   23.127144 % missed    0.000000 % dropped   18.626 GB
                           100.000000 % good
      block:   127812 exp    0.000000 % missed    0.000000 % dropped
                           100.000000 % good
total  19.558 GB  max buff 336432/1000001536 (0.0 % full)  mean frac 3.075e-09

port 16140 :  3538544 exp   24.148124 % missed    0.000000 % dropped   19.558 GB
                           100.000000 % good
      block:   213261 exp   40.067804 % missed    0.000000 % dropped
                           100.000000 % good
total  20.489 GB  max buff 336432/1000001536 (0.0 % full)  mean frac 2.938e-09

port 16140 :  3666356 exp   23.306302 % missed    0.000000 % dropped   20.489 GB
                           100.000000 % good
      block:   127812 exp    0.000000 % missed    0.000000 % dropped
                           100.000000 % good
total  21.420 GB  max buff 336432/1000001536 (0.0 % full)  mean frac 2.811e-09

port 16140 :  3879617 exp   24.227675 % missed    0.000000 % dropped   21.420 GB
                           100.000000 % good
      block:   213261 exp   40.067804 % missed    0.000000 % dropped
                           100.000000 % good
total  22.352 GB  max buff 336432/1000001536 (0.0 % full)  mean frac 2.693e-09

port 16140 :  4007429 exp   23.454963 % missed    0.000000 % dropped   22.352 GB
                           100.000000 % good
      block:   127812 exp    0.000000 % missed    0.000000 % dropped
                           100.000000 % good
total  23.283 GB  max buff 336432/1000001536 (0.0 % full)  mean frac 2.593e-09

port 16140 :  4135241 exp   22.730017 % missed    0.000000 % dropped   23.283 GB
                           100.000000 % good
      block:   127812 exp    0.000000 % missed    0.000000 % dropped
                           100.000000 % good
total  24.214 GB  max buff 336432/1000001536 (0.0 % full)  mean frac 2.493e-09

port 16140 :  4348502 exp   23.580304 % missed    0.000000 % dropped   24.214 GB
                           100.000000 % good
      block:   213261 exp   40.067804 % missed    0.000000 % dropped
                           100.000000 % good
total  25.146 GB  max buff 336432/1000001536 (0.0 % full)  mean frac 2.408e-09

port 16140 :  4476314 exp   22.907017 % missed    0.000000 % dropped   25.146 GB
                           100.000000 % good
      block:   127812 exp    0.000000 % missed    0.000000 % dropped
                           100.000000 % good
total  26.077 GB  max buff 336432/1000001536 (0.0 % full)  mean frac 2.383e-09

port 16140 :  4689576 exp   23.687429 % missed    0.000000 % dropped   26.077 GB
                           100.000000 % good
      block:   213262 exp   40.068085 % missed    0.000000 % dropped
                           100.000000 % good
total  27.008 GB  max buff 336432/1000001536 (0.0 % full)  mean frac 2.303e-09

port 16140 :  4817388 exp   23.058969 % missed    0.000000 % dropped   27.008 GB
                           100.000000 % good
      block:   127812 exp    0.000000 % missed    0.000000 % dropped
                           100.000000 % good
total  27.940 GB  max buff 336432/1000001536 (0.0 % full)  mean frac 2.226e-09

port 16140 :  5030649 exp   23.780013 % missed    0.000000 % dropped   27.940 GB
                           100.000000 % good
      block:   213261 exp   40.067804 % missed    0.000000 % dropped
                           100.000000 % good
total  28.871 GB  max buff 336432/1000001536 (0.0 % full)  mean frac 2.154e-09

port 16140 :  5158461 exp   23.190812 % missed    0.000000 % dropped   28.871 GB
                           100.000000 % good
      block:   127812 exp    0.000000 % missed    0.000000 % dropped
                           100.000000 % good
total  29.802 GB  max buff 336432/1000001536 (0.0 % full)  mean frac 2.087e-09

port 16140 :  5371722 exp   23.860840 % missed    0.000000 % dropped   29.802 GB
                           100.000000 % good
      block:   213261 exp   40.067804 % missed    0.000000 % dropped
                           100.000000 % good
total  30.734 GB  max buff 336432/1000001536 (0.0 % full)  mean frac 2.024e-09

port 16140 :  5499534 exp   23.306302 % missed    0.000000 % dropped   30.734 GB
                           100.000000 % good
      block:   127812 exp    0.000000 % missed    0.000000 % dropped
                           100.000000 % good
total  31.665 GB  max buff 336432/1000001536 (0.0 % full)  mean frac 1.973e-09

port 16140 :  5712795 exp   23.932016 % missed    0.000000 % dropped   31.665 GB
                           100.000000 % good
      block:   213261 exp   40.067804 % missed    0.000000 % dropped
                           100.000000 % good
total  32.596 GB  max buff 336432/1000001536 (0.0 % full)  mean frac 2.442e-09

port 16140 :  5840607 exp   23.408303 % missed    0.000000 % dropped   32.596 GB
                           100.000000 % good
      block:   127812 exp    0.000000 % missed    0.000000 % dropped
                           100.000000 % good
total  33.528 GB  max buff 336432/1000001536 (0.0 % full)  mean frac 3.698e-09

port 16140 :  5968419 exp   22.907021 % missed    0.000000 % dropped   33.528 GB
                           100.000000 % good
      block:   127812 exp    0.000000 % missed    0.000000 % dropped
                           100.000000 % good
total  34.459 GB  max buff 336432/1000001536 (0.0 % full)  mean frac 4.580e-09

port 16140 :  6181680 exp   23.499049 % missed    0.000000 % dropped   34.459 GB
                           100.000000 % good
      block:   213261 exp   40.067804 % missed    0.000000 % dropped
                           100.000000 % good
total  35.390 GB  max buff 336432/1000001536 (0.0 % full)  mean frac 4.459e-09

port 16140 :  6309492 exp   23.023026 % missed    0.000000 % dropped   35.390 GB
                           100.000000 % good
      block:   127812 exp    0.000000 % missed    0.000000 % dropped
                           100.000000 % good
total  36.322 GB  max buff 336432/1000001536 (0.0 % full)  mean frac 4.345e-09

port 16140 :  6522754 exp   23.580316 % missed    0.000000 % dropped   36.322 GB
                           100.000000 % good
      block:   213262 exp   40.068085 % missed    0.000000 % dropped
                           100.000000 % good
total  37.253 GB  max buff 336432/1000001536 (0.0 % full)  mean frac 4.236e-09

port 16140 :  6650566 exp   23.127144 % missed    0.000000 % dropped   37.253 GB
                           100.000000 % good
      block:   127812 exp    0.000000 % missed    0.000000 % dropped
                           100.000000 % good
total  38.184 GB  max buff 336432/1000001536 (0.0 % full)  mean frac 4.476e-09

port 16140 :  6863827 exp   23.653495 % missed    0.000000 % dropped   38.184 GB
                           100.000000 % good
      block:   213261 exp   40.067804 % missed    0.000000 % dropped
                           100.000000 % good
total  39.116 GB  max buff 336432/1000001536 (0.0 % full)  mean frac 4.371e-09

port 16140 :  6991639 exp   23.221093 % missed    0.000000 % dropped   39.116 GB
                           100.000000 % good
      block:   127812 exp    0.000000 % missed    0.000000 % dropped
                           100.000000 % good
total  40.047 GB  max buff 336432/1000001536 (0.0 % full)  mean frac 4.575e-09

port 16140 :  7204900 exp   23.719746 % missed    0.000000 % dropped   40.047 GB
                           100.000000 % good
      block:   213261 exp   40.067804 % missed    0.000000 % dropped
                           100.000000 % good
total  40.978 GB  max buff 336432/1000001536 (0.0 % full)  mean frac 4.471e-09

port 16140 :  7332712 exp   23.306302 % missed    0.000000 % dropped   40.978 GB
                           100.000000 % good
      block:   127812 exp    0.000000 % missed    0.000000 % dropped
                           100.000000 % good
total  41.910 GB  max buff 336432/1000001536 (0.0 % full)  mean frac 4.685e-09

port 16140 :  7545973 exp   23.780008 % missed    0.000000 % dropped   41.910 GB
                           100.000000 % good
      block:   213261 exp   40.067804 % missed    0.000000 % dropped
                           100.000000 % good
total  42.841 GB  max buff 336432/1000001536 (0.0 % full)  mean frac 4.889e-09

port 16140 :  7673785 exp   23.383936 % missed    0.000000 % dropped   42.841 GB
                           100.000000 % good
      block:   127812 exp    0.000000 % missed    0.000000 % dropped
                           100.000000 % good
total  43.772 GB  max buff 336432/1000001536 (0.0 % full)  mean frac 4.785e-09

port 16140 :  7801597 exp   23.000842 % missed    0.000000 % dropped   43.772 GB
                           100.000000 % good
      block:   127812 exp    0.000000 % missed    0.000000 % dropped
                           100.000000 % good
total  44.704 GB  max buff 336432/1000001536 (0.0 % full)  mean frac 4.694e-09

port 16140 :  8014858 exp   23.454963 % missed    0.000000 % dropped   44.704 GB
                           100.000000 % good
      block:   213261 exp   40.067804 % missed    0.000000 % dropped
                           100.000000 % good
total  45.635 GB  max buff 336432/1000001536 (0.0 % full)  mean frac 5.427e-09

port 16140 :  8142670 exp   23.086801 % missed    0.000000 % dropped   45.635 GB
                           100.000000 % good
      block:   127812 exp    0.000000 % missed    0.000000 % dropped
                           100.000000 % good
total  46.566 GB  max buff 336432/1000001536 (0.0 % full)  mean frac 5.318e-09

port 16140 :  8355931 exp   23.520192 % missed    0.000000 % dropped   46.566 GB
                           100.000000 % good
      block:   213261 exp   40.067804 % missed    0.000000 % dropped
                           100.000000 % good
total  47.498 GB  max buff 336432/1000001536 (0.0 % full)  mean frac 5.214e-09

port 16140 :  8483743 exp   23.165848 % missed    0.000000 % dropped   47.498 GB
                           100.000000 % good
      block:   127812 exp    0.000000 % missed    0.000000 % dropped
                           100.000000 % good
total  48.429 GB  max buff 336432/1000001536 (0.0 % full)  mean frac 5.126e-09

port 16140 :  8697005 exp   23.580313 % missed    0.000000 % dropped   48.429 GB
                           100.000000 % good
      block:   213262 exp   40.068085 % missed    0.000000 % dropped
                           100.000000 % good
total  49.360 GB  max buff 336432/1000001536 (0.0 % full)  mean frac 5.030e-09

port 16140 :  8824817 exp   23.238794 % missed    0.000000 % dropped   49.360 GB
                           100.000000 % good
      block:   127812 exp    0.000000 % missed    0.000000 % dropped
                           100.000000 % good
total  50.291 GB  max buff 336432/1000001536 (0.0 % full)  mean frac 5.609e-09

port 16140 :  9038078 exp   23.635888 % missed    0.000000 % dropped   50.291 GB
                           100.000000 % good
      block:   213261 exp   40.067804 % missed    0.000000 % dropped
                           100.000000 % good
total  51.223 GB  max buff 336432/1000001536 (0.0 % full)  mean frac 5.507e-09

port 16140 :  9165890 exp   23.306302 % missed    0.000000 % dropped   51.223 GB
                           100.000000 % good
      block:   127812 exp    0.000000 % missed    0.000000 % dropped
                           100.000000 % good
total  52.154 GB  max buff 336432/1000001536 (0.0 % full)  mean frac 5.412e-09

port 16140 :  9379151 exp   23.687421 % missed    0.000000 % dropped   52.154 GB
                           100.000000 % good
      block:   213261 exp   40.067804 % missed    0.000000 % dropped
                           100.000000 % good
total  53.085 GB  max buff 336432/1000001536 (0.0 % full)  mean frac 5.317e-09

port 16140 :  9506963 exp   23.368967 % missed    0.000000 % dropped   53.085 GB
                           100.000000 % good
      block:   127812 exp    0.000000 % missed    0.000000 % dropped
                           100.000000 % good
total  54.017 GB  max buff 336432/1000001536 (0.0 % full)  mean frac 5.225e-09

port 16140 :  9634775 exp   23.058961 % missed    0.000000 % dropped   54.017 GB
                           100.000000 % good
      block:   127812 exp    0.000000 % missed    0.000000 % dropped
                           100.000000 % good
total  54.948 GB  max buff 336432/1000001536 (0.0 % full)  mean frac 5.137e-09

port 16140 :  9848036 exp   23.427290 % missed    0.000000 % dropped   54.948 GB
                           100.000000 % good
      block:   213261 exp   40.067804 % missed    0.000000 % dropped
                           100.000000 % good
total  55.879 GB  max buff 336432/1000001536 (0.0 % full)  mean frac 5.052e-09

port 16140 :  9975848 exp   23.127137 % missed    0.000000 % dropped   55.879 GB
                           100.000000 % good
      block:   127812 exp    0.000000 % missed    0.000000 % dropped
                           100.000000 % good
total  56.811 GB  max buff 336432/1000001536 (0.0 % full)  mean frac 4.969e-09

port 16140 : 10189109 exp   23.481710 % missed    0.000000 % dropped   56.811 GB
                           100.000000 % good
      block:   213261 exp   40.067804 % missed    0.000000 % dropped
                           100.000000 % good
total  57.742 GB  max buff 336432/1000001536 (0.0 % full)  mean frac 4.889e-09

port 16140 : 10316921 exp   23.190805 % missed    0.000000 % dropped   57.742 GB
                           100.000000 % good
      block:   127812 exp    0.000000 % missed    0.000000 % dropped
                           100.000000 % good
total  58.673 GB  max buff 336432/1000001536 (0.0 % full)  mean frac 4.883e-09

port 16140 : 10530819 exp   23.537229 % missed    0.000000 % dropped   58.673 GB
                           100.000000 % good
      block:   213898 exp   40.246286 % missed    0.000000 % dropped
                           100.000000 % good
total  59.540 GB  max buff 336432/1000001536 (0.0 % full)  mean frac 4.812e-09

port 16140 : 10649683 exp   23.274524 % missed    0.000000 % dropped   59.540 GB
                           100.000000 % good
      block:   118864 exp    0.000000 % missed    0.000000 % dropped
                           100.000000 % good
SKIP: init 2: 1 for nsock=1
SKIP: still to skip 1 packets in socket 0
timeout
MYDEBUG consumer(), line 1229  detected stopped==1  oldpoi=(nil)
MYDEBUG consumer(), line 1249  my_stopped==1

total per socket:  (with checks for beamformed data and with checks for packets dropped by kernel)
port 16140 :  expected packets  10649683
                missed packets   2478663    23.274524 % of exp
                  seen packets   8171020    76.725476 % of exp
                  good packets   8171020   100.000000 % of seen
               dropped packets         0     0.000000 % of seen
               written packets   8171020   100.000000 % of seen
                                            76.725476 % of exp
         dropped by kernel       636     0.007783 % of (seen+dropped by kernel)
                   volume     59.540 GB

total  59.540 GB  max buff 336432/1000001536 (0.0 % full)  mean frac 4.812e-09
closing starlink_16140.radio.2026-03-07T16:40:01.579_0000.zst
compression: 63930060480 -> 22025380188  reduced to 34.452 %
MYDEBUG consumer(), line 1342  clearing stopped flag
start compression pipe

creating starlink_16140.radio.2026-03-07T16:54:48.000_0000.zst
total   0.931 GB  max buff 414672/1000001536 (0.0 % full)  mean frac 8.778e-08

port 16140 :   127812 exp    0.000000 % missed    0.000000 % dropped    0.931 GB
                           100.000000 % good
      block:   127812 exp    0.000000 % missed    0.000000 % dropped
                           100.000000 % good
total   1.863 GB  max buff 414672/1000001536 (0.0 % full)  mean frac 4.392e-08

port 16140 :   255624 exp    0.000000 % missed    0.000000 % dropped    1.863 GB
                           100.000000 % good
      block:   127812 exp    0.000000 % missed    0.000000 % dropped
                           100.000000 % good
total   2.794 GB  max buff 414672/1000001536 (0.0 % full)  mean frac 2.928e-08

port 16140 :   468885 exp   18.223872 % missed    0.000000 % dropped    2.794 GB
                           100.000000 % good
      block:   213261 exp   40.067804 % missed    0.000000 % dropped
                           100.000000 % good
total   3.725 GB  max buff 414672/1000001536 (0.0 % full)  mean frac 2.196e-08

port 16140 :   596697 exp   14.320333 % missed    0.000000 % dropped    3.725 GB
                           100.000000 % good
      block:   127812 exp    0.000000 % missed    0.000000 % dropped
                           100.000000 % good
total   4.657 GB  max buff 414672/1000001536 (0.0 % full)  mean frac 2.679e-08

port 16140 :   809958 exp   21.099613 % missed    0.000000 % dropped    4.657 GB
                           100.000000 % good
      block:   213261 exp   40.067804 % missed    0.000000 % dropped
                           100.000000 % good
total   5.588 GB  max buff 414672/1000001536 (0.0 % full)  mean frac 2.232e-08

port 16140 :   937770 exp   18.223872 % missed    0.000000 % dropped    5.588 GB
                           100.000000 % good
      block:   127812 exp    0.000000 % missed    0.000000 % dropped
                           100.000000 % good
total   6.519 GB  max buff 414672/1000001536 (0.0 % full)  mean frac 1.927e-08

port 16140 :  1151032 exp   22.271145 % missed    0.000000 % dropped    6.519 GB
                           100.000000 % good
      block:   213262 exp   40.068085 % missed    0.000000 % dropped
                           100.000000 % good
total   7.451 GB  max buff 414672/1000001536 (0.0 % full)  mean frac 1.816e-08

port 16140 :  1278844 exp   20.045291 % missed    0.000000 % dropped    7.451 GB
                           100.000000 % good
      block:   127812 exp    0.000000 % missed    0.000000 % dropped
                           100.000000 % good
total   8.382 GB  max buff 414672/1000001536 (0.0 % full)  mean frac 1.929e-08

port 16140 :  1492105 exp   22.907034 % missed    0.000000 % dropped    8.382 GB
                           100.000000 % good
      block:   213261 exp   40.067804 % missed    0.000000 % dropped
                           100.000000 % good
total   9.313 GB  max buff 414672/1000001536 (0.0 % full)  mean frac 1.736e-08

port 16140 :  1619917 exp   21.099661 % missed    0.000000 % dropped    9.313 GB
                           100.000000 % good
      block:   127812 exp    0.000000 % missed    0.000000 % dropped
                           100.000000 % good
total  10.245 GB  max buff 414672/1000001536 (0.0 % full)  mean frac 1.578e-08

port 16140 :  1833178 exp   23.306302 % missed    0.000000 % dropped   10.245 GB
                           100.000000 % good
      block:   213261 exp   40.067804 % missed    0.000000 % dropped
                           100.000000 % good
total  11.176 GB  max buff 414672/1000001536 (0.0 % full)  mean frac 1.447e-08

port 16140 :  1960990 exp   21.787261 % missed    0.000000 % dropped   11.176 GB
                           100.000000 % good
      block:   127812 exp    0.000000 % missed    0.000000 % dropped
                           100.000000 % good
total  12.107 GB  max buff 414672/1000001536 (0.0 % full)  mean frac 1.335e-08

port 16140 :  2088802 exp   20.454117 % missed    0.000000 % dropped   12.107 GB
                           100.000000 % good
      block:   127812 exp    0.000000 % missed    0.000000 % dropped
                           100.000000 % good
total  13.039 GB  max buff 414672/1000001536 (0.0 % full)  mean frac 1.240e-08

port 16140 :  2302063 exp   22.271111 % missed    0.000000 % dropped   13.039 GB
                           100.000000 % good
      block:   213261 exp   40.067804 % missed    0.000000 % dropped
                           100.000000 % good
total  13.970 GB  max buff 414672/1000001536 (0.0 % full)  mean frac 1.172e-08

port 16140 :  2429875 exp   21.099645 % missed    0.000000 % dropped   13.970 GB
                           100.000000 % good
      block:   127812 exp    0.000000 % missed    0.000000 % dropped
                           100.000000 % good
total  14.901 GB  max buff 414672/1000001536 (0.0 % full)  mean frac 1.098e-08

port 16140 :  2643136 exp   22.630088 % missed    0.000000 % dropped   14.901 GB
                           100.000000 % good
      block:   213261 exp   40.067804 % missed    0.000000 % dropped
                           100.000000 % good
total  15.833 GB  max buff 414672/1000001536 (0.0 % full)  mean frac 1.034e-08

port 16140 :  2770948 exp   21.586259 % missed    0.000000 % dropped   15.833 GB
                           100.000000 % good
      block:   127812 exp    0.000000 % missed    0.000000 % dropped
                           100.000000 % good
total  16.764 GB  max buff 414672/1000001536 (0.0 % full)  mean frac 9.764e-09

port 16140 :  2984210 exp   22.907034 % missed    0.000000 % dropped   16.764 GB
                           100.000000 % good
      block:   213262 exp   40.068085 % missed    0.000000 % dropped
                           100.000000 % good
total  17.695 GB  max buff 414672/1000001536 (0.0 % full)  mean frac 9.250e-09

port 16140 :  3112022 exp   21.966233 % missed    0.000000 % dropped   17.695 GB
                           100.000000 % good
      block:   127812 exp    0.000000 % missed    0.000000 % dropped
                           100.000000 % good
total  18.626 GB  max buff 414672/1000001536 (0.0 % full)  mean frac 8.787e-09

port 16140 :  3325283 exp   23.127144 % missed    0.000000 % dropped   18.626 GB
                           100.000000 % good
      block:   213261 exp   40.067804 % missed    0.000000 % dropped
                           100.000000 % good
total  19.558 GB  max buff 414672/1000001536 (0.0 % full)  mean frac 8.369e-09

port 16140 :  3453095 exp   22.271122 % missed    0.000000 % dropped   19.558 GB
                           100.000000 % good
      block:   127812 exp    0.000000 % missed    0.000000 % dropped
                           100.000000 % good
total  20.489 GB  max buff 414672/1000001536 (0.0 % full)  mean frac 7.989e-09

port 16140 :  3666356 exp   23.306302 % missed    0.000000 % dropped   20.489 GB
                           100.000000 % good
      block:   213261 exp   40.067804 % missed    0.000000 % dropped
                           100.000000 % good
total  21.420 GB  max buff 414672/1000001536 (0.0 % full)  mean frac 7.641e-09

port 16140 :  3794168 exp   22.521196 % missed    0.000000 % dropped   21.420 GB
                           100.000000 % good
      block:   127812 exp    0.000000 % missed    0.000000 % dropped
                           100.000000 % good
total  22.352 GB  max buff 414672/1000001536 (0.0 % full)  mean frac 7.491e-09

port 16140 :  3921980 exp   21.787261 % missed    0.000000 % dropped   22.352 GB
                           100.000000 % good
      block:   127812 exp    0.000000 % missed    0.000000 % dropped
                           100.000000 % good
total  23.283 GB  max buff 414672/1000001536 (0.0 % full)  mean frac 7.192e-09

port 16140 :  4135241 exp   22.730017 % missed    0.000000 % dropped   23.283 GB
                           100.000000 % good
      block:   213261 exp   40.067804 % missed    0.000000 % dropped
                           100.000000 % good
total  24.214 GB  max buff 414672/1000001536 (0.0 % full)  mean frac 6.922e-09

port 16140 :  4263053 exp   22.048541 % missed    0.000000 % dropped   24.214 GB
                           100.000000 % good
      block:   127812 exp    0.000000 % missed    0.000000 % dropped
                           100.000000 % good
total  25.146 GB  max buff 414672/1000001536 (0.0 % full)  mean frac 6.725e-09

port 16140 :  4476314 exp   22.907017 % missed    0.000000 % dropped   25.146 GB
                           100.000000 % good
      block:   213261 exp   40.067804 % missed    0.000000 % dropped
                           100.000000 % good
total  26.077 GB  max buff 414672/1000001536 (0.0 % full)  mean frac 6.484e-09

port 16140 :  4604126 exp   22.271111 % missed    0.000000 % dropped   26.077 GB
                           100.000000 % good
      block:   127812 exp    0.000000 % missed    0.000000 % dropped
                           100.000000 % good
total  27.008 GB  max buff 414672/1000001536 (0.0 % full)  mean frac 6.263e-09

port 16140 :  4817387 exp   23.058953 % missed    0.000000 % dropped   27.008 GB
                           100.000000 % good
      block:   213261 exp   40.067804 % missed    0.000000 % dropped
                           100.000000 % good
total  27.940 GB  max buff 414672/1000001536 (0.0 % full)  mean frac 6.054e-09

port 16140 :  4945199 exp   22.462979 % missed    0.000000 % dropped   27.940 GB
                           100.000000 % good
      block:   127812 exp    0.000000 % missed    0.000000 % dropped
                           100.000000 % good
total  28.871 GB  max buff 414672/1000001536 (0.0 % full)  mean frac 5.859e-09

port 16140 :  5158461 exp   23.190812 % missed    0.000000 % dropped   28.871 GB
                           100.000000 % good
      block:   213262 exp   40.068085 % missed    0.000000 % dropped
                           100.000000 % good
total  29.802 GB  max buff 414672/1000001536 (0.0 % full)  mean frac 5.676e-09

port 16140 :  5286273 exp   22.630103 % missed    0.000000 % dropped   29.802 GB
                           100.000000 % good
      block:   127812 exp    0.000000 % missed    0.000000 % dropped
                           100.000000 % good
total  30.734 GB  max buff 414672/1000001536 (0.0 % full)  mean frac 5.895e-09

port 16140 :  5499534 exp   23.306302 % missed    0.000000 % dropped   30.734 GB
                           100.000000 % good
      block:   213261 exp   40.067804 % missed    0.000000 % dropped
                           100.000000 % good
total  31.665 GB  max buff 414672/1000001536 (0.0 % full)  mean frac 5.722e-09

port 16140 :  5627346 exp   22.776954 % missed    0.000000 % dropped   31.665 GB
                           100.000000 % good
      block:   127812 exp    0.000000 % missed    0.000000 % dropped
                           100.000000 % good
total  32.596 GB  max buff 414672/1000001536 (0.0 % full)  mean frac 5.558e-09

port 16140 :  5755158 exp   22.271117 % missed    0.000000 % dropped   32.596 GB
                           100.000000 % good
      block:   127812 exp    0.000000 % missed    0.000000 % dropped
                           100.000000 % good
total  33.528 GB  max buff 414672/1000001536 (0.0 % full)  mean frac 5.445e-09

port 16140 :  5968419 exp   22.907021 % missed    0.000000 % dropped   33.528 GB
                           100.000000 % good
      block:   213261 exp   40.067804 % missed    0.000000 % dropped
                           100.000000 % good
total  34.459 GB  max buff 414672/1000001536 (0.0 % full)  mean frac 5.299e-09

port 16140 :  6096231 exp   22.426758 % missed    0.000000 % dropped   34.459 GB
                           100.000000 % good
      block:   127812 exp    0.000000 % missed    0.000000 % dropped
                           100.000000 % good
total  35.390 GB  max buff 414672/1000001536 (0.0 % full)  mean frac 5.160e-09

port 16140 :  6309492 exp   23.023026 % missed    0.000000 % dropped   35.390 GB
                           100.000000 % good
      block:   213261 exp   40.067804 % missed    0.000000 % dropped
                           100.000000 % good
total  36.322 GB  max buff 414672/1000001536 (0.0 % full)  mean frac 5.027e-09

port 16140 :  6437304 exp   22.565906 % missed    0.000000 % dropped   36.322 GB
                           100.000000 % good
      block:   127812 exp    0.000000 % missed    0.000000 % dropped
                           100.000000 % good
total  37.253 GB  max buff 414672/1000001536 (0.0 % full)  mean frac 4.905e-09

port 16140 :  6650565 exp   23.127133 % missed    0.000000 % dropped   37.253 GB
                           100.000000 % good
      block:   213261 exp   40.067804 % missed    0.000000 % dropped
                           100.000000 % good
total  38.184 GB  max buff 414672/1000001536 (0.0 % full)  mean frac 4.785e-09

port 16140 :  6778377 exp   22.691051 % missed    0.000000 % dropped   38.184 GB
                           100.000000 % good
      block:   127812 exp    0.000000 % missed    0.000000 % dropped
                           100.000000 % good
total  39.116 GB  max buff 414672/1000001536 (0.0 % full)  mean frac 4.671e-09

port 16140 :  6991639 exp   23.221093 % missed    0.000000 % dropped   39.116 GB
                           100.000000 % good
      block:   213262 exp   40.068085 % missed    0.000000 % dropped
                           100.000000 % good
total  40.047 GB  max buff 414672/1000001536 (0.0 % full)  mean frac 4.563e-09

port 16140 :  7119451 exp   22.804216 % missed    0.000000 % dropped   40.047 GB
                           100.000000 % good
      block:   127812 exp    0.000000 % missed    0.000000 % dropped
                           100.000000 % good
total  40.978 GB  max buff 414672/1000001536 (0.0 % full)  mean frac 4.459e-09

port 16140 :  7332712 exp   23.306302 % missed    0.000000 % dropped   40.978 GB
                           100.000000 % good
      block:   213261 exp   40.067804 % missed    0.000000 % dropped
                           100.000000 % good
total  41.910 GB  max buff 414672/1000001536 (0.0 % full)  mean frac 4.364e-09

port 16140 :  7460524 exp   22.907024 % missed    0.000000 % dropped   41.910 GB
                           100.000000 % good
      block:   127812 exp    0.000000 % missed    0.000000 % dropped
                           100.000000 % good
total  42.340 GB  max buff 414672/1000001536 (0.0 % full)  mean frac 4.320e-09

port 16140 :  7519530 exp   22.727272 % missed    0.000000 % dropped   42.340 GB
                           100.000000 % good
      block:    59006 exp    0.000000 % missed    0.000000 % dropped
                           100.000000 % good
SKIP: init 2: 1 for nsock=1
SKIP: still to skip 1 packets in socket 0
timeout
MYDEBUG consumer(), line 1229  detected stopped==1  oldpoi=(nil)
MYDEBUG consumer(), line 1249  my_stopped==1

total per socket:  (with checks for beamformed data and with checks for packets dropped by kernel)
port 16140 :  expected packets   7519530
                missed packets   1708984    22.727272 % of exp
                  seen packets   5810546    77.272728 % of exp
                  good packets   5810546   100.000000 % of seen
               dropped packets         0     0.000000 % of seen
               written packets   5810546   100.000000 % of seen
                                            77.272728 % of exp
         dropped by kernel       636     0.010944 % of (seen+dropped by kernel)
                   volume     42.340 GB

total  42.340 GB  max buff 414672/1000001536 (0.0 % full)  mean frac 4.320e-09
closing starlink_16140.radio.2026-03-07T16:54:48.000_0000.zst
compression: 45461711904 -> 15647493286  reduced to 34.419 %
MYDEBUG consumer(), line 1342  clearing stopped flag
start compression pipe

creating starlink_16140.radio.2026-03-07T17:05:18.000_0000.zst
total   0.931 GB  max buff 547680/1000001536 (0.1 % full)  mean frac 1.523e-07

port 16140 :   127812 exp    0.000000 % missed    0.000000 % dropped    0.931 GB
                           100.000000 % good
      block:   127812 exp    0.000000 % missed    0.000000 % dropped
                           100.000000 % good
total   1.863 GB  max buff 547680/1000001536 (0.1 % full)  mean frac 7.615e-08

port 16140 :   255624 exp    0.000000 % missed    0.000000 % dropped    1.863 GB
                           100.000000 % good
      block:   127812 exp    0.000000 % missed    0.000000 % dropped
                           100.000000 % good
total   2.794 GB  max buff 547680/1000001536 (0.1 % full)  mean frac 5.077e-08

port 16140 :   468885 exp   18.223872 % missed    0.000000 % dropped    2.794 GB
                           100.000000 % good
      block:   213261 exp   40.067804 % missed    0.000000 % dropped
                           100.000000 % good
total   3.725 GB  max buff 547680/1000001536 (0.1 % full)  mean frac 3.808e-08

port 16140 :   596697 exp   14.320333 % missed    0.000000 % dropped    3.725 GB
                           100.000000 % good
      block:   127812 exp    0.000000 % missed    0.000000 % dropped
                           100.000000 % good
total   4.657 GB  max buff 547680/1000001536 (0.1 % full)  mean frac 3.046e-08

port 16140 :   809959 exp   21.099710 % missed    0.000000 % dropped    4.657 GB
                           100.000000 % good
      block:   213262 exp   40.068085 % missed    0.000000 % dropped
                           100.000000 % good
total   5.588 GB  max buff 547680/1000001536 (0.1 % full)  mean frac 2.538e-08

port 16140 :   937771 exp   18.223959 % missed    0.000000 % dropped    5.588 GB
                           100.000000 % good
      block:   127812 exp    0.000000 % missed    0.000000 % dropped
                           100.000000 % good
total   6.519 GB  max buff 547680/1000001536 (0.1 % full)  mean frac 2.184e-08

port 16140 :  1151032 exp   22.271145 % missed    0.000000 % dropped    6.519 GB
                           100.000000 % good
      block:   213261 exp   40.067804 % missed    0.000000 % dropped
                           100.000000 % good
total   7.451 GB  max buff 547680/1000001536 (0.1 % full)  mean frac 1.911e-08

port 16140 :  1278844 exp   20.045291 % missed    0.000000 % dropped    7.451 GB
                           100.000000 % good
      block:   127812 exp    0.000000 % missed    0.000000 % dropped
                           100.000000 % good
total   8.382 GB  max buff 547680/1000001536 (0.1 % full)  mean frac 2.056e-08

port 16140 :  1492105 exp   22.907034 % missed    0.000000 % dropped    8.382 GB
                           100.000000 % good
      block:   213261 exp   40.067804 % missed    0.000000 % dropped
                           100.000000 % good
total   9.313 GB  max buff 547680/1000001536 (0.1 % full)  mean frac 1.851e-08

port 16140 :  1619917 exp   21.099661 % missed    0.000000 % dropped    9.313 GB
                           100.000000 % good
      block:   127812 exp    0.000000 % missed    0.000000 % dropped
                           100.000000 % good
total  10.245 GB  max buff 547680/1000001536 (0.1 % full)  mean frac 1.907e-08

port 16140 :  1833178 exp   23.306302 % missed    0.000000 % dropped   10.245 GB
                           100.000000 % good
      block:   213261 exp   40.067804 % missed    0.000000 % dropped
                           100.000000 % good
total  11.176 GB  max buff 547680/1000001536 (0.1 % full)  mean frac 1.873e-08

port 16140 :  1960990 exp   21.787261 % missed    0.000000 % dropped   11.176 GB
                           100.000000 % good
      block:   127812 exp    0.000000 % missed    0.000000 % dropped
                           100.000000 % good
total  12.107 GB  max buff 547680/1000001536 (0.1 % full)  mean frac 1.882e-08

port 16140 :  2088802 exp   20.454117 % missed    0.000000 % dropped   12.107 GB
                           100.000000 % good
      block:   127812 exp    0.000000 % missed    0.000000 % dropped
                           100.000000 % good
total  13.039 GB  max buff 547680/1000001536 (0.1 % full)  mean frac 1.748e-08

port 16140 :  2302063 exp   22.271111 % missed    0.000000 % dropped   13.039 GB
                           100.000000 % good
      block:   213261 exp   40.067804 % missed    0.000000 % dropped
                           100.000000 % good
total  13.970 GB  max buff 547680/1000001536 (0.1 % full)  mean frac 1.709e-08

port 16140 :  2429875 exp   21.099645 % missed    0.000000 % dropped   13.970 GB
                           100.000000 % good
      block:   127812 exp    0.000000 % missed    0.000000 % dropped
                           100.000000 % good
total  14.901 GB  max buff 547680/1000001536 (0.1 % full)  mean frac 1.602e-08

port 16140 :  2643137 exp   22.630117 % missed    0.000000 % dropped   14.901 GB
                           100.000000 % good
      block:   213262 exp   40.068085 % missed    0.000000 % dropped
                           100.000000 % good
total  15.833 GB  max buff 547680/1000001536 (0.1 % full)  mean frac 1.508e-08

port 16140 :  2770949 exp   21.586287 % missed    0.000000 % dropped   15.833 GB
                           100.000000 % good
      block:   127812 exp    0.000000 % missed    0.000000 % dropped
                           100.000000 % good
total  16.764 GB  max buff 547680/1000001536 (0.1 % full)  mean frac 1.484e-08

port 16140 :  2984210 exp   22.907034 % missed    0.000000 % dropped   16.764 GB
                           100.000000 % good
      block:   213261 exp   40.067804 % missed    0.000000 % dropped
                           100.000000 % good
total  17.695 GB  max buff 547680/1000001536 (0.1 % full)  mean frac 1.406e-08

port 16140 :  3112022 exp   21.966233 % missed    0.000000 % dropped   17.695 GB
                           100.000000 % good
      block:   127812 exp    0.000000 % missed    0.000000 % dropped
                           100.000000 % good
total  18.626 GB  max buff 547680/1000001536 (0.1 % full)  mean frac 1.335e-08

port 16140 :  3325283 exp   23.127144 % missed    0.000000 % dropped   18.626 GB
                           100.000000 % good
      block:   213261 exp   40.067804 % missed    0.000000 % dropped
                           100.000000 % good
total  19.558 GB  max buff 547680/1000001536 (0.1 % full)  mean frac 1.374e-08

port 16140 :  3453095 exp   22.271122 % missed    0.000000 % dropped   19.558 GB
                           100.000000 % good
      block:   127812 exp    0.000000 % missed    0.000000 % dropped
                           100.000000 % good
total  20.489 GB  max buff 547680/1000001536 (0.1 % full)  mean frac 1.312e-08

port 16140 :  3666356 exp   23.306302 % missed    0.000000 % dropped   20.489 GB
                           100.000000 % good
      block:   213261 exp   40.067804 % missed    0.000000 % dropped
                           100.000000 % good
total  21.420 GB  max buff 547680/1000001536 (0.1 % full)  mean frac 1.255e-08

port 16140 :  3794168 exp   22.521196 % missed    0.000000 % dropped   21.420 GB
                           100.000000 % good
      block:   127812 exp    0.000000 % missed    0.000000 % dropped
                           100.000000 % good
total  22.352 GB  max buff 547680/1000001536 (0.1 % full)  mean frac 1.202e-08

port 16140 :  3921980 exp   21.787261 % missed    0.000000 % dropped   22.352 GB
                           100.000000 % good
      block:   127812 exp    0.000000 % missed    0.000000 % dropped
                           100.000000 % good
total  23.283 GB  max buff 547680/1000001536 (0.1 % full)  mean frac 1.154e-08

port 16140 :  4135241 exp   22.730017 % missed    0.000000 % dropped   23.283 GB
                           100.000000 % good
      block:   213261 exp   40.067804 % missed    0.000000 % dropped
                           100.000000 % good
total  24.214 GB  max buff 547680/1000001536 (0.1 % full)  mean frac 1.110e-08

port 16140 :  4263053 exp   22.048541 % missed    0.000000 % dropped   24.214 GB
                           100.000000 % good
      block:   127812 exp    0.000000 % missed    0.000000 % dropped
                           100.000000 % good
total  25.146 GB  max buff 547680/1000001536 (0.1 % full)  mean frac 1.069e-08

port 16140 :  4476314 exp   22.907017 % missed    0.000000 % dropped   25.146 GB
                           100.000000 % good
      block:   213261 exp   40.067804 % missed    0.000000 % dropped
                           100.000000 % good
total  26.077 GB  max buff 547680/1000001536 (0.1 % full)  mean frac 1.031e-08

port 16140 :  4604126 exp   22.271111 % missed    0.000000 % dropped   26.077 GB
                           100.000000 % good
      block:   127812 exp    0.000000 % missed    0.000000 % dropped
                           100.000000 % good
total  27.008 GB  max buff 547680/1000001536 (0.1 % full)  mean frac 9.957e-09

port 16140 :  4817388 exp   23.058969 % missed    0.000000 % dropped   27.008 GB
                           100.000000 % good
      block:   213262 exp   40.068085 % missed    0.000000 % dropped
                           100.000000 % good
total  27.940 GB  max buff 547680/1000001536 (0.1 % full)  mean frac 9.627e-09

port 16140 :  4945200 exp   22.462994 % missed    0.000000 % dropped   27.940 GB
                           100.000000 % good
      block:   127812 exp    0.000000 % missed    0.000000 % dropped
                           100.000000 % good
total  28.871 GB  max buff 547680/1000001536 (0.1 % full)  mean frac 9.318e-09

port 16140 :  5158461 exp   23.190812 % missed    0.000000 % dropped   28.871 GB
                           100.000000 % good
      block:   213261 exp   40.067804 % missed    0.000000 % dropped
                           100.000000 % good
total  29.802 GB  max buff 547680/1000001536 (0.1 % full)  mean frac 9.029e-09

port 16140 :  5286273 exp   22.630103 % missed    0.000000 % dropped   29.802 GB
                           100.000000 % good
      block:   127812 exp    0.000000 % missed    0.000000 % dropped
                           100.000000 % good
total  30.734 GB  max buff 547680/1000001536 (0.1 % full)  mean frac 8.756e-09

port 16140 :  5499534 exp   23.306302 % missed    0.000000 % dropped   30.734 GB
                           100.000000 % good
      block:   213261 exp   40.067804 % missed    0.000000 % dropped
                           100.000000 % good
total  31.665 GB  max buff 547680/1000001536 (0.1 % full)  mean frac 8.498e-09

port 16140 :  5627346 exp   22.776954 % missed    0.000000 % dropped   31.665 GB
                           100.000000 % good
      block:   127812 exp    0.000000 % missed    0.000000 % dropped
                           100.000000 % good
total  32.596 GB  max buff 547680/1000001536 (0.1 % full)  mean frac 8.255e-09

port 16140 :  5755158 exp   22.271117 % missed    0.000000 % dropped   32.596 GB
                           100.000000 % good
      block:   127812 exp    0.000000 % missed    0.000000 % dropped
                           100.000000 % good
total  33.528 GB  max buff 547680/1000001536 (0.1 % full)  mean frac 8.026e-09

port 16140 :  5968419 exp   22.907021 % missed    0.000000 % dropped   33.528 GB
                           100.000000 % good
      block:   213261 exp   40.067804 % missed    0.000000 % dropped
                           100.000000 % good
total  34.459 GB  max buff 547680/1000001536 (0.1 % full)  mean frac 7.816e-09

port 16140 :  6096231 exp   22.426758 % missed    0.000000 % dropped   34.459 GB
                           100.000000 % good
      block:   127812 exp    0.000000 % missed    0.000000 % dropped
                           100.000000 % good
total  35.390 GB  max buff 547680/1000001536 (0.1 % full)  mean frac 7.612e-09

port 16140 :  6309492 exp   23.023026 % missed    0.000000 % dropped   35.390 GB
                           100.000000 % good
      block:   213261 exp   40.067804 % missed    0.000000 % dropped
                           100.000000 % good
total  36.322 GB  max buff 547680/1000001536 (0.1 % full)  mean frac 7.416e-09

port 16140 :  6437304 exp   22.565906 % missed    0.000000 % dropped   36.322 GB
                           100.000000 % good
      block:   127812 exp    0.000000 % missed    0.000000 % dropped
                           100.000000 % good
total  37.253 GB  max buff 547680/1000001536 (0.1 % full)  mean frac 7.231e-09

port 16140 :  6650566 exp   23.127144 % missed    0.000000 % dropped   37.253 GB
                           100.000000 % good
      block:   213262 exp   40.068085 % missed    0.000000 % dropped
                           100.000000 % good
total  38.184 GB  max buff 547680/1000001536 (0.1 % full)  mean frac 7.055e-09

port 16140 :  6778378 exp   22.691063 % missed    0.000000 % dropped   38.184 GB
                           100.000000 % good
      block:   127812 exp    0.000000 % missed    0.000000 % dropped
                           100.000000 % good
total  39.116 GB  max buff 547680/1000001536 (0.1 % full)  mean frac 6.888e-09

port 16140 :  6991639 exp   23.221093 % missed    0.000000 % dropped   39.116 GB
                           100.000000 % good
      block:   213261 exp   40.067804 % missed    0.000000 % dropped
                           100.000000 % good
total  40.047 GB  max buff 547680/1000001536 (0.1 % full)  mean frac 6.728e-09

port 16140 :  7119451 exp   22.804216 % missed    0.000000 % dropped   40.047 GB
                           100.000000 % good
      block:   127812 exp    0.000000 % missed    0.000000 % dropped
                           100.000000 % good
total  40.978 GB  max buff 547680/1000001536 (0.1 % full)  mean frac 6.576e-09

port 16140 :  7332712 exp   23.306302 % missed    0.000000 % dropped   40.978 GB
                           100.000000 % good
      block:   213261 exp   40.067804 % missed    0.000000 % dropped
                           100.000000 % good
total  41.910 GB  max buff 547680/1000001536 (0.1 % full)  mean frac 6.432e-09

port 16140 :  7460524 exp   22.907024 % missed    0.000000 % dropped   41.910 GB
                           100.000000 % good
      block:   127812 exp    0.000000 % missed    0.000000 % dropped
                           100.000000 % good
total  42.340 GB  max buff 547680/1000001536 (0.1 % full)  mean frac 6.366e-09

port 16140 :  7519531 exp   22.727268 % missed    0.000000 % dropped   42.340 GB
                           100.000000 % good
      block:    59007 exp    0.000000 % missed    0.000000 % dropped
                           100.000000 % good
SKIP: init 2: 1 for nsock=1
SKIP: still to skip 1 packets in socket 0
timeout
MYDEBUG consumer(), line 1229  detected stopped==1  oldpoi=(nil)
MYDEBUG consumer(), line 1249  my_stopped==1

total per socket:  (with checks for beamformed data and with checks for packets dropped by kernel)
port 16140 :  expected packets   7519531
                missed packets   1708984    22.727268 % of exp
                  seen packets   5810547    77.272732 % of exp
                  good packets   5810547   100.000000 % of seen
               dropped packets         0     0.000000 % of seen
               written packets   5810547   100.000000 % of seen
                                            77.272732 % of exp
         dropped by kernel       636     0.010944 % of (seen+dropped by kernel)
                   volume     42.340 GB

total  42.340 GB  max buff 547680/1000001536 (0.1 % full)  mean frac 6.366e-09
closing starlink_16140.radio.2026-03-07T17:05:18.000_0000.zst
compression: 45461719728 -> 15586535898  reduced to 34.285 %
MYDEBUG consumer(), line 1342  clearing stopped flag
start compression pipe

creating starlink_16140.radio.2026-03-07T17:15:48.000_0000.zst
total   0.931 GB  max buff 320784/1000001536 (0.0 % full)  mean frac 5.271e-08

port 16140 :   127812 exp    0.000000 % missed    0.000000 % dropped    0.931 GB
                           100.000000 % good
      block:   127812 exp    0.000000 % missed    0.000000 % dropped
                           100.000000 % good
total   1.863 GB  max buff 320784/1000001536 (0.0 % full)  mean frac 3.964e-08

port 16140 :   255624 exp    0.000000 % missed    0.000000 % dropped    1.863 GB
                           100.000000 % good
      block:   127812 exp    0.000000 % missed    0.000000 % dropped
                           100.000000 % good
total   2.794 GB  max buff 320784/1000001536 (0.0 % full)  mean frac 2.647e-08

port 16140 :   468886 exp   18.224046 % missed    0.000000 % dropped    2.794 GB
                           100.000000 % good
      block:   213262 exp   40.068085 % missed    0.000000 % dropped
                           100.000000 % good
total   3.725 GB  max buff 320784/1000001536 (0.0 % full)  mean frac 2.790e-08

port 16140 :   596698 exp   14.320477 % missed    0.000000 % dropped    3.725 GB
                           100.000000 % good
      block:   127812 exp    0.000000 % missed    0.000000 % dropped
                           100.000000 % good
total   4.657 GB  max buff 320784/1000001536 (0.0 % full)  mean frac 2.234e-08

port 16140 :   809959 exp   21.099710 % missed    0.000000 % dropped    4.657 GB
                           100.000000 % good
      block:   213261 exp   40.067804 % missed    0.000000 % dropped
                           100.000000 % good
total   5.588 GB  max buff 320784/1000001536 (0.0 % full)  mean frac 1.862e-08

port 16140 :   937771 exp   18.223959 % missed    0.000000 % dropped    5.588 GB
                           100.000000 % good
      block:   127812 exp    0.000000 % missed    0.000000 % dropped
                           100.000000 % good
total   6.519 GB  max buff 320784/1000001536 (0.0 % full)  mean frac 1.597e-08

port 16140 :  1151032 exp   22.271145 % missed    0.000000 % dropped    6.519 GB
                           100.000000 % good
      block:   213261 exp   40.067804 % missed    0.000000 % dropped
                           100.000000 % good
total   7.451 GB  max buff 320784/1000001536 (0.0 % full)  mean frac 1.400e-08

port 16140 :  1278844 exp   20.045291 % missed    0.000000 % dropped    7.451 GB
                           100.000000 % good
      block:   127812 exp    0.000000 % missed    0.000000 % dropped
                           100.000000 % good
total   8.382 GB  max buff 320784/1000001536 (0.0 % full)  mean frac 1.244e-08

port 16140 :  1492105 exp   22.907034 % missed    0.000000 % dropped    8.382 GB
                           100.000000 % good
      block:   213261 exp   40.067804 % missed    0.000000 % dropped
                           100.000000 % good
total   9.313 GB  max buff 320784/1000001536 (0.0 % full)  mean frac 1.120e-08

port 16140 :  1619917 exp   21.099661 % missed    0.000000 % dropped    9.313 GB
                           100.000000 % good
      block:   127812 exp    0.000000 % missed    0.000000 % dropped
                           100.000000 % good
total  10.245 GB  max buff 320784/1000001536 (0.0 % full)  mean frac 1.018e-08

port 16140 :  1833178 exp   23.306302 % missed    0.000000 % dropped   10.245 GB
                           100.000000 % good
      block:   213261 exp   40.067804 % missed    0.000000 % dropped
                           100.000000 % good
total  11.176 GB  max buff 320784/1000001536 (0.0 % full)  mean frac 9.335e-09

port 16140 :  1960990 exp   21.787261 % missed    0.000000 % dropped   11.176 GB
                           100.000000 % good
      block:   127812 exp    0.000000 % missed    0.000000 % dropped
                           100.000000 % good
total  12.107 GB  max buff 320784/1000001536 (0.0 % full)  mean frac 8.622e-09

port 16140 :  2088802 exp   20.454117 % missed    0.000000 % dropped   12.107 GB
                           100.000000 % good
      block:   127812 exp    0.000000 % missed    0.000000 % dropped
                           100.000000 % good
total  13.039 GB  max buff 320784/1000001536 (0.0 % full)  mean frac 8.006e-09

port 16140 :  2302064 exp   22.271145 % missed    0.000000 % dropped   13.039 GB
                           100.000000 % good
      block:   213262 exp   40.068085 % missed    0.000000 % dropped
                           100.000000 % good
total  13.970 GB  max buff 320784/1000001536 (0.0 % full)  mean frac 7.472e-09

port 16140 :  2429876 exp   21.099678 % missed    0.000000 % dropped   13.970 GB
                           100.000000 % good
      block:   127812 exp    0.000000 % missed    0.000000 % dropped
                           100.000000 % good
total  14.901 GB  max buff 320784/1000001536 (0.0 % full)  mean frac 7.005e-09

port 16140 :  2643137 exp   22.630117 % missed    0.000000 % dropped   14.901 GB
                           100.000000 % good
      block:   213261 exp   40.067804 % missed    0.000000 % dropped
                           100.000000 % good
total  15.833 GB  max buff 320784/1000001536 (0.0 % full)  mean frac 6.593e-09

port 16140 :  2770949 exp   21.586287 % missed    0.000000 % dropped   15.833 GB
                           100.000000 % good
      block:   127812 exp    0.000000 % missed    0.000000 % dropped
                           100.000000 % good
total  16.764 GB  max buff 320784/1000001536 (0.0 % full)  mean frac 6.227e-09

port 16140 :  2984210 exp   22.907034 % missed    0.000000 % dropped   16.764 GB
                           100.000000 % good
      block:   213261 exp   40.067804 % missed    0.000000 % dropped
                           100.000000 % good
total  17.695 GB  max buff 320784/1000001536 (0.0 % full)  mean frac 5.899e-09

port 16140 :  3112022 exp   21.966233 % missed    0.000000 % dropped   17.695 GB
                           100.000000 % good
      block:   127812 exp    0.000000 % missed    0.000000 % dropped
                           100.000000 % good
total  18.626 GB  max buff 320784/1000001536 (0.0 % full)  mean frac 5.604e-09

port 16140 :  3325283 exp   23.127144 % missed    0.000000 % dropped   18.626 GB
                           100.000000 % good
      block:   213261 exp   40.067804 % missed    0.000000 % dropped
                           100.000000 % good
total  19.558 GB  max buff 320784/1000001536 (0.0 % full)  mean frac 5.337e-09

port 16140 :  3453095 exp   22.271122 % missed    0.000000 % dropped   19.558 GB
                           100.000000 % good
      block:   127812 exp    0.000000 % missed    0.000000 % dropped
                           100.000000 % good
total  20.489 GB  max buff 320784/1000001536 (0.0 % full)  mean frac 5.100e-09

port 16140 :  3666356 exp   23.306302 % missed    0.000000 % dropped   20.489 GB
                           100.000000 % good
      block:   213261 exp   40.067804 % missed    0.000000 % dropped
                           100.000000 % good
total  21.420 GB  max buff 320784/1000001536 (0.0 % full)  mean frac 4.879e-09

port 16140 :  3794168 exp   22.521196 % missed    0.000000 % dropped   21.420 GB
                           100.000000 % good
      block:   127812 exp    0.000000 % missed    0.000000 % dropped
                           100.000000 % good
total  22.352 GB  max buff 320784/1000001536 (0.0 % full)  mean frac 4.678e-09

port 16140 :  3921980 exp   21.787261 % missed    0.000000 % dropped   22.352 GB
                           100.000000 % good
      block:   127812 exp    0.000000 % missed    0.000000 % dropped
                           100.000000 % good
total  23.283 GB  max buff 320784/1000001536 (0.0 % full)  mean frac 4.496e-09

port 16140 :  4135241 exp   22.730017 % missed    0.000000 % dropped   23.283 GB
                           100.000000 % good
      block:   213261 exp   40.067804 % missed    0.000000 % dropped
                           100.000000 % good
total  24.214 GB  max buff 320784/1000001536 (0.0 % full)  mean frac 4.323e-09

port 16140 :  4263053 exp   22.048541 % missed    0.000000 % dropped   24.214 GB
                           100.000000 % good
      block:   127812 exp    0.000000 % missed    0.000000 % dropped
                           100.000000 % good
total  25.146 GB  max buff 320784/1000001536 (0.0 % full)  mean frac 4.163e-09

port 16140 :  4476315 exp   22.907034 % missed    0.000000 % dropped   25.146 GB
                           100.000000 % good
      block:   213262 exp   40.068085 % missed    0.000000 % dropped
                           100.000000 % good
total  26.077 GB  max buff 320784/1000001536 (0.0 % full)  mean frac 4.014e-09

port 16140 :  4604127 exp   22.271128 % missed    0.000000 % dropped   26.077 GB
                           100.000000 % good
      block:   127812 exp    0.000000 % missed    0.000000 % dropped
                           100.000000 % good
total  27.008 GB  max buff 320784/1000001536 (0.0 % full)  mean frac 3.878e-09

port 16140 :  4817388 exp   23.058969 % missed    0.000000 % dropped   27.008 GB
                           100.000000 % good
      block:   213261 exp   40.067804 % missed    0.000000 % dropped
                           100.000000 % good
total  27.940 GB  max buff 320784/1000001536 (0.0 % full)  mean frac 3.748e-09

port 16140 :  4945200 exp   22.462994 % missed    0.000000 % dropped   27.940 GB
                           100.000000 % good
      block:   127812 exp    0.000000 % missed    0.000000 % dropped
                           100.000000 % good
total  28.871 GB  max buff 320784/1000001536 (0.0 % full)  mean frac 3.627e-09

port 16140 :  5158461 exp   23.190812 % missed    0.000000 % dropped   28.871 GB
                           100.000000 % good
      block:   213261 exp   40.067804 % missed    0.000000 % dropped
                           100.000000 % good
total  29.802 GB  max buff 320784/1000001536 (0.0 % full)  mean frac 3.514e-09

port 16140 :  5286273 exp   22.630103 % missed    0.000000 % dropped   29.802 GB
                           100.000000 % good
      block:   127812 exp    0.000000 % missed    0.000000 % dropped
                           100.000000 % good
total  30.734 GB  max buff 320784/1000001536 (0.0 % full)  mean frac 3.578e-09

port 16140 :  5499534 exp   23.306302 % missed    0.000000 % dropped   30.734 GB
                           100.000000 % good
      block:   213261 exp   40.067804 % missed    0.000000 % dropped
                           100.000000 % good
total  31.665 GB  max buff 320784/1000001536 (0.0 % full)  mean frac 3.475e-09

port 16140 :  5627346 exp   22.776954 % missed    0.000000 % dropped   31.665 GB
                           100.000000 % good
      block:   127812 exp    0.000000 % missed    0.000000 % dropped
                           100.000000 % good
total  32.596 GB  max buff 320784/1000001536 (0.0 % full)  mean frac 3.376e-09

port 16140 :  5755158 exp   22.271117 % missed    0.000000 % dropped   32.596 GB
                           100.000000 % good
      block:   127812 exp    0.000000 % missed    0.000000 % dropped
                           100.000000 % good
total  33.528 GB  max buff 320784/1000001536 (0.0 % full)  mean frac 3.712e-09

port 16140 :  5968419 exp   22.907021 % missed    0.000000 % dropped   33.528 GB
                           100.000000 % good
      block:   213261 exp   40.067804 % missed    0.000000 % dropped
                           100.000000 % good
total  34.459 GB  max buff 320784/1000001536 (0.0 % full)  mean frac 3.612e-09

port 16140 :  6096231 exp   22.426758 % missed    0.000000 % dropped   34.459 GB
                           100.000000 % good
      block:   127812 exp    0.000000 % missed    0.000000 % dropped
                           100.000000 % good
total  35.390 GB  max buff 320784/1000001536 (0.0 % full)  mean frac 3.517e-09

port 16140 :  6309493 exp   23.023038 % missed    0.000000 % dropped   35.390 GB
                           100.000000 % good
      block:   213262 exp   40.068085 % missed    0.000000 % dropped
                           100.000000 % good
total  36.322 GB  max buff 320784/1000001536 (0.0 % full)  mean frac 3.426e-09

port 16140 :  6437305 exp   22.565919 % missed    0.000000 % dropped   36.322 GB
                           100.000000 % good
      block:   127812 exp    0.000000 % missed    0.000000 % dropped
                           100.000000 % good
total  37.253 GB  max buff 320784/1000001536 (0.0 % full)  mean frac 3.341e-09

port 16140 :  6650566 exp   23.127144 % missed    0.000000 % dropped   37.253 GB
                           100.000000 % good
      block:   213261 exp   40.067804 % missed    0.000000 % dropped
                           100.000000 % good
total  38.184 GB  max buff 320784/1000001536 (0.0 % full)  mean frac 3.259e-09

port 16140 :  6778378 exp   22.691063 % missed    0.000000 % dropped   38.184 GB
                           100.000000 % good
      block:   127812 exp    0.000000 % missed    0.000000 % dropped
                           100.000000 % good
total  39.116 GB  max buff 320784/1000001536 (0.0 % full)  mean frac 3.214e-09

port 16140 :  6991639 exp   23.221093 % missed    0.000000 % dropped   39.116 GB
                           100.000000 % good
      block:   213261 exp   40.067804 % missed    0.000000 % dropped
                           100.000000 % good
total  40.047 GB  max buff 320784/1000001536 (0.0 % full)  mean frac 3.845e-09

port 16140 :  7119451 exp   22.804216 % missed    0.000000 % dropped   40.047 GB
                           100.000000 % good
      block:   127812 exp    0.000000 % missed    0.000000 % dropped
                           100.000000 % good
total  40.978 GB  max buff 320784/1000001536 (0.0 % full)  mean frac 3.758e-09

port 16140 :  7332712 exp   23.306302 % missed    0.000000 % dropped   40.978 GB
                           100.000000 % good
      block:   213261 exp   40.067804 % missed    0.000000 % dropped
                           100.000000 % good
total  41.910 GB  max buff 320784/1000001536 (0.0 % full)  mean frac 3.674e-09

port 16140 :  7460524 exp   22.907024 % missed    0.000000 % dropped   41.910 GB
                           100.000000 % good
      block:   127812 exp    0.000000 % missed    0.000000 % dropped
                           100.000000 % good
total  42.340 GB  max buff 320784/1000001536 (0.0 % full)  mean frac 3.637e-09

port 16140 :  7519530 exp   22.727272 % missed    0.000000 % dropped   42.340 GB
                           100.000000 % good
      block:    59006 exp    0.000000 % missed    0.000000 % dropped
                           100.000000 % good
SKIP: init 2: 1 for nsock=1
SKIP: still to skip 1 packets in socket 0
timeout
MYDEBUG consumer(), line 1229  detected stopped==1  oldpoi=(nil)
MYDEBUG consumer(), line 1249  my_stopped==1

total per socket:  (with checks for beamformed data and with checks for packets dropped by kernel)
port 16140 :  expected packets   7519530
                missed packets   1708984    22.727272 % of exp
                  seen packets   5810546    77.272728 % of exp
                  good packets   5810546   100.000000 % of seen
               dropped packets         0     0.000000 % of seen
               written packets   5810546   100.000000 % of seen
                                            77.272728 % of exp
         dropped by kernel       636     0.010944 % of (seen+dropped by kernel)
                   volume     42.340 GB

total  42.340 GB  max buff 320784/1000001536 (0.0 % full)  mean frac 3.637e-09
closing starlink_16140.radio.2026-03-07T17:15:48.000_0000.zst
compression: 45461711904 -> 15600072072  reduced to 34.315 %
MYDEBUG consumer(), line 1342  clearing stopped flag
start compression pipe

creating starlink_16140.radio.2026-03-07T17:26:18.000_0000.zst
total   0.931 GB  max buff 312960/1000001536 (0.0 % full)  mean frac 5.020e-08

port 16140 :   127812 exp    0.000000 % missed    0.000000 % dropped    0.931 GB
                           100.000000 % good
      block:   127812 exp    0.000000 % missed    0.000000 % dropped
                           100.000000 % good
total   1.863 GB  max buff 312960/1000001536 (0.0 % full)  mean frac 2.510e-08

port 16140 :   255624 exp    0.000000 % missed    0.000000 % dropped    1.863 GB
                           100.000000 % good
      block:   127812 exp    0.000000 % missed    0.000000 % dropped
                           100.000000 % good
total   2.794 GB  max buff 312960/1000001536 (0.0 % full)  mean frac 1.675e-08

port 16140 :   468885 exp   18.223872 % missed    0.000000 % dropped    2.794 GB
                           100.000000 % good
      block:   213261 exp   40.067804 % missed    0.000000 % dropped
                           100.000000 % good
total   3.725 GB  max buff 312960/1000001536 (0.0 % full)  mean frac 1.256e-08

port 16140 :   596697 exp   14.320333 % missed    0.000000 % dropped    3.725 GB
                           100.000000 % good
      block:   127812 exp    0.000000 % missed    0.000000 % dropped
                           100.000000 % good
total   4.657 GB  max buff 312960/1000001536 (0.0 % full)  mean frac 1.005e-08

port 16140 :   809958 exp   21.099613 % missed    0.000000 % dropped    4.657 GB
                           100.000000 % good
      block:   213261 exp   40.067804 % missed    0.000000 % dropped
                           100.000000 % good
total   5.588 GB  max buff 312960/1000001536 (0.0 % full)  mean frac 8.376e-09

port 16140 :   937770 exp   18.223872 % missed    0.000000 % dropped    5.588 GB
                           100.000000 % good
      block:   127812 exp    0.000000 % missed    0.000000 % dropped
                           100.000000 % good
total   6.519 GB  max buff 312960/1000001536 (0.0 % full)  mean frac 7.180e-09

port 16140 :  1151031 exp   22.271077 % missed    0.000000 % dropped    6.519 GB
                           100.000000 % good
      block:   213261 exp   40.067804 % missed    0.000000 % dropped
                           100.000000 % good
total   7.451 GB  max buff 312960/1000001536 (0.0 % full)  mean frac 6.290e-09

port 16140 :  1278843 exp   20.045228 % missed    0.000000 % dropped    7.451 GB
                           100.000000 % good
      block:   127812 exp    0.000000 % missed    0.000000 % dropped
                           100.000000 % good
total   8.382 GB  max buff 312960/1000001536 (0.0 % full)  mean frac 9.393e-09

port 16140 :  1492104 exp   22.906982 % missed    0.000000 % dropped    8.382 GB
                           100.000000 % good
      block:   213261 exp   40.067804 % missed    0.000000 % dropped
                           100.000000 % good
total   9.313 GB  max buff 312960/1000001536 (0.0 % full)  mean frac 8.454e-09

port 16140 :  1619916 exp   21.099613 % missed    0.000000 % dropped    9.313 GB
                           100.000000 % good
      block:   127812 exp    0.000000 % missed    0.000000 % dropped
                           100.000000 % good
total  10.245 GB  max buff 312960/1000001536 (0.0 % full)  mean frac 7.691e-09

port 16140 :  1833178 exp   23.306302 % missed    0.000000 % dropped   10.245 GB
                           100.000000 % good
      block:   213262 exp   40.068085 % missed    0.000000 % dropped
                           100.000000 % good
total  11.176 GB  max buff 312960/1000001536 (0.0 % full)  mean frac 7.050e-09

port 16140 :  1960990 exp   21.787261 % missed    0.000000 % dropped   11.176 GB
                           100.000000 % good
      block:   127812 exp    0.000000 % missed    0.000000 % dropped
                           100.000000 % good
total  12.107 GB  max buff 312960/1000001536 (0.0 % full)  mean frac 6.508e-09

port 16140 :  2088802 exp   20.454117 % missed    0.000000 % dropped   12.107 GB
                           100.000000 % good
      block:   127812 exp    0.000000 % missed    0.000000 % dropped
                           100.000000 % good
total  13.039 GB  max buff 312960/1000001536 (0.0 % full)  mean frac 6.043e-09

port 16140 :  2302063 exp   22.271111 % missed    0.000000 % dropped   13.039 GB
                           100.000000 % good
      block:   213261 exp   40.067804 % missed    0.000000 % dropped
                           100.000000 % good
total  13.970 GB  max buff 312960/1000001536 (0.0 % full)  mean frac 5.640e-09

port 16140 :  2429875 exp   21.099645 % missed    0.000000 % dropped   13.970 GB
                           100.000000 % good
      block:   127812 exp    0.000000 % missed    0.000000 % dropped
                           100.000000 % good
total  14.901 GB  max buff 312960/1000001536 (0.0 % full)  mean frac 5.291e-09

port 16140 :  2643136 exp   22.630088 % missed    0.000000 % dropped   14.901 GB
                           100.000000 % good
      block:   213261 exp   40.067804 % missed    0.000000 % dropped
                           100.000000 % good
total  15.833 GB  max buff 312960/1000001536 (0.0 % full)  mean frac 5.081e-09

port 16140 :  2770948 exp   21.586259 % missed    0.000000 % dropped   15.833 GB
                           100.000000 % good
      block:   127812 exp    0.000000 % missed    0.000000 % dropped
                           100.000000 % good
total  16.764 GB  max buff 312960/1000001536 (0.0 % full)  mean frac 4.799e-09

port 16140 :  2984209 exp   22.907008 % missed    0.000000 % dropped   16.764 GB
                           100.000000 % good
      block:   213261 exp   40.067804 % missed    0.000000 % dropped
                           100.000000 % good
total  17.695 GB  max buff 312960/1000001536 (0.0 % full)  mean frac 4.546e-09

port 16140 :  3112021 exp   21.966208 % missed    0.000000 % dropped   17.695 GB
                           100.000000 % good
      block:   127812 exp    0.000000 % missed    0.000000 % dropped
                           100.000000 % good
total  18.626 GB  max buff 312960/1000001536 (0.0 % full)  mean frac 4.319e-09

port 16140 :  3325282 exp   23.127121 % missed    0.000000 % dropped   18.626 GB
                           100.000000 % good
      block:   213261 exp   40.067804 % missed    0.000000 % dropped
                           100.000000 % good
total  19.558 GB  max buff 312960/1000001536 (0.0 % full)  mean frac 4.113e-09

port 16140 :  3453094 exp   22.271099 % missed    0.000000 % dropped   19.558 GB
                           100.000000 % good
      block:   127812 exp    0.000000 % missed    0.000000 % dropped
                           100.000000 % good
total  20.489 GB  max buff 312960/1000001536 (0.0 % full)  mean frac 3.926e-09

port 16140 :  3666355 exp   23.306281 % missed    0.000000 % dropped   20.489 GB
                           100.000000 % good
      block:   213261 exp   40.067804 % missed    0.000000 % dropped
                           100.000000 % good
total  21.420 GB  max buff 312960/1000001536 (0.0 % full)  mean frac 3.755e-09

port 16140 :  3794167 exp   22.521175 % missed    0.000000 % dropped   21.420 GB
                           100.000000 % good
      block:   127812 exp    0.000000 % missed    0.000000 % dropped
                           100.000000 % good
total  22.352 GB  max buff 312960/1000001536 (0.0 % full)  mean frac 3.601e-09

port 16140 :  3921979 exp   21.787241 % missed    0.000000 % dropped   22.352 GB
                           100.000000 % good
      block:   127812 exp    0.000000 % missed    0.000000 % dropped
                           100.000000 % good
total  23.283 GB  max buff 312960/1000001536 (0.0 % full)  mean frac 3.482e-09

port 16140 :  4135241 exp   22.730017 % missed    0.000000 % dropped   23.283 GB
                           100.000000 % good
      block:   213262 exp   40.068085 % missed    0.000000 % dropped
                           100.000000 % good
total  24.214 GB  max buff 312960/1000001536 (0.0 % full)  mean frac 3.350e-09

port 16140 :  4263053 exp   22.048541 % missed    0.000000 % dropped   24.214 GB
                           100.000000 % good
      block:   127812 exp    0.000000 % missed    0.000000 % dropped
                           100.000000 % good
total  25.146 GB  max buff 312960/1000001536 (0.0 % full)  mean frac 3.226e-09

port 16140 :  4476314 exp   22.907017 % missed    0.000000 % dropped   25.146 GB
                           100.000000 % good
      block:   213261 exp   40.067804 % missed    0.000000 % dropped
                           100.000000 % good
total  26.077 GB  max buff 312960/1000001536 (0.0 % full)  mean frac 3.111e-09

port 16140 :  4604126 exp   22.271111 % missed    0.000000 % dropped   26.077 GB
                           100.000000 % good
      block:   127812 exp    0.000000 % missed    0.000000 % dropped
                           100.000000 % good
total  27.008 GB  max buff 312960/1000001536 (0.0 % full)  mean frac 3.004e-09

port 16140 :  4817387 exp   23.058953 % missed    0.000000 % dropped   27.008 GB
                           100.000000 % good
      block:   213261 exp   40.067804 % missed    0.000000 % dropped
                           100.000000 % good
total  27.940 GB  max buff 312960/1000001536 (0.0 % full)  mean frac 2.904e-09

port 16140 :  4945199 exp   22.462979 % missed    0.000000 % dropped   27.940 GB
                           100.000000 % good
      block:   127812 exp    0.000000 % missed    0.000000 % dropped
                           100.000000 % good
total  28.871 GB  max buff 312960/1000001536 (0.0 % full)  mean frac 2.816e-09

port 16140 :  5158460 exp   23.190797 % missed    0.000000 % dropped   28.871 GB
                           100.000000 % good
      block:   213261 exp   40.067804 % missed    0.000000 % dropped
                           100.000000 % good
total  29.802 GB  max buff 312960/1000001536 (0.0 % full)  mean frac 2.728e-09

port 16140 :  5286272 exp   22.630088 % missed    0.000000 % dropped   29.802 GB
                           100.000000 % good
      block:   127812 exp    0.000000 % missed    0.000000 % dropped
                           100.000000 % good
total  30.734 GB  max buff 312960/1000001536 (0.0 % full)  mean frac 2.647e-09

port 16140 :  5499533 exp   23.306288 % missed    0.000000 % dropped   30.734 GB
                           100.000000 % good
      block:   213261 exp   40.067804 % missed    0.000000 % dropped
                           100.000000 % good
total  31.665 GB  max buff 312960/1000001536 (0.0 % full)  mean frac 2.571e-09

port 16140 :  5627345 exp   22.776940 % missed    0.000000 % dropped   31.665 GB
                           100.000000 % good
      block:   127812 exp    0.000000 % missed    0.000000 % dropped
                           100.000000 % good
total  32.596 GB  max buff 312960/1000001536 (0.0 % full)  mean frac 2.498e-09

port 16140 :  5755157 exp   22.271104 % missed    0.000000 % dropped   32.596 GB
                           100.000000 % good
      block:   127812 exp    0.000000 % missed    0.000000 % dropped
                           100.000000 % good
total  33.528 GB  max buff 312960/1000001536 (0.0 % full)  mean frac 2.428e-09

port 16140 :  5968419 exp   22.907021 % missed    0.000000 % dropped   33.528 GB
                           100.000000 % good
      block:   213262 exp   40.068085 % missed    0.000000 % dropped
                           100.000000 % good
total  34.459 GB  max buff 312960/1000001536 (0.0 % full)  mean frac 2.364e-09

port 16140 :  6096231 exp   22.426758 % missed    0.000000 % dropped   34.459 GB
                           100.000000 % good
      block:   127812 exp    0.000000 % missed    0.000000 % dropped
                           100.000000 % good
total  35.390 GB  max buff 312960/1000001536 (0.0 % full)  mean frac 2.302e-09

port 16140 :  6309492 exp   23.023026 % missed    0.000000 % dropped   35.390 GB
                           100.000000 % good
      block:   213261 exp   40.067804 % missed    0.000000 % dropped
                           100.000000 % good
total  36.322 GB  max buff 312960/1000001536 (0.0 % full)  mean frac 2.248e-09

port 16140 :  6437304 exp   22.565906 % missed    0.000000 % dropped   36.322 GB
                           100.000000 % good
      block:   127812 exp    0.000000 % missed    0.000000 % dropped
                           100.000000 % good
total  37.253 GB  max buff 312960/1000001536 (0.0 % full)  mean frac 2.191e-09

port 16140 :  6650565 exp   23.127133 % missed    0.000000 % dropped   37.253 GB
                           100.000000 % good
      block:   213261 exp   40.067804 % missed    0.000000 % dropped
                           100.000000 % good
total  38.184 GB  max buff 312960/1000001536 (0.0 % full)  mean frac 2.138e-09

port 16140 :  6778377 exp   22.691051 % missed    0.000000 % dropped   38.184 GB
                           100.000000 % good
      block:   127812 exp    0.000000 % missed    0.000000 % dropped
                           100.000000 % good
total  39.116 GB  max buff 312960/1000001536 (0.0 % full)  mean frac 2.092e-09

port 16140 :  6991638 exp   23.221082 % missed    0.000000 % dropped   39.116 GB
                           100.000000 % good
      block:   213261 exp   40.067804 % missed    0.000000 % dropped
                           100.000000 % good
total  40.047 GB  max buff 312960/1000001536 (0.0 % full)  mean frac 2.044e-09

port 16140 :  7119450 exp   22.804205 % missed    0.000000 % dropped   40.047 GB
                           100.000000 % good
      block:   127812 exp    0.000000 % missed    0.000000 % dropped
                           100.000000 % good
total  40.294 GB  max buff 312960/1000001536 (0.0 % full)  mean frac 2.032e-09

port 16140 :  7153319 exp   22.696234 % missed    0.000000 % dropped   40.294 GB
                           100.000000 % good
      block:    33869 exp    0.000000 % missed    0.000000 % dropped
                           100.000000 % good
SKIP: init 2: 1 for nsock=1
SKIP: still to skip 1 packets in socket 0
timeout
MYDEBUG consumer(), line 1229  detected stopped==1  oldpoi=(nil)
MYDEBUG consumer(), line 1249  my_stopped==1

total per socket:  (with checks for beamformed data and with checks for packets dropped by kernel)
port 16140 :  expected packets   7153319
                missed packets   1623534    22.696234 % of exp
                  seen packets   5529785    77.303766 % of exp
                  good packets   5529785   100.000000 % of seen
               dropped packets         0     0.000000 % of seen
               written packets   5529785   100.000000 % of seen
                                            77.303766 % of exp
         dropped by kernel       636     0.011500 % of (seen+dropped by kernel)
                   volume     40.294 GB

total  40.294 GB  max buff 312960/1000001536 (0.0 % full)  mean frac 2.032e-09
closing starlink_16140.radio.2026-03-07T17:26:18.000_0000.zst
compression: 43265037840 -> 14858221207  reduced to 34.342 %
MYDEBUG consumer(), line 1342  clearing stopped flag
start compression pipe

creating starlink_16140.radio.2026-03-07T17:36:18.000_0000.zst
total   0.931 GB  max buff 399024/1000001536 (0.0 % full)  mean frac 8.105e-08

port 16140 :   127812 exp    0.000000 % missed    0.000000 % dropped    0.931 GB
                           100.000000 % good
      block:   127812 exp    0.000000 % missed    0.000000 % dropped
                           100.000000 % good
total   1.863 GB  max buff 399024/1000001536 (0.0 % full)  mean frac 4.052e-08

port 16140 :   255624 exp    0.000000 % missed    0.000000 % dropped    1.863 GB
                           100.000000 % good
      block:   127812 exp    0.000000 % missed    0.000000 % dropped
                           100.000000 % good
total   2.794 GB  max buff 399024/1000001536 (0.0 % full)  mean frac 2.702e-08

port 16140 :   468885 exp   18.223872 % missed    0.000000 % dropped    2.794 GB
                           100.000000 % good
      block:   213261 exp   40.067804 % missed    0.000000 % dropped
                           100.000000 % good
total   3.725 GB  max buff 399024/1000001536 (0.0 % full)  mean frac 2.563e-08

port 16140 :   596697 exp   14.320333 % missed    0.000000 % dropped    3.725 GB
                           100.000000 % good
      block:   127812 exp    0.000000 % missed    0.000000 % dropped
                           100.000000 % good
total   4.657 GB  max buff 399024/1000001536 (0.0 % full)  mean frac 2.363e-08

port 16140 :   809958 exp   21.099613 % missed    0.000000 % dropped    4.657 GB
                           100.000000 % good
      block:   213261 exp   40.067804 % missed    0.000000 % dropped
                           100.000000 % good
total   5.588 GB  max buff 399024/1000001536 (0.0 % full)  mean frac 2.251e-08

port 16140 :   937770 exp   18.223872 % missed    0.000000 % dropped    5.588 GB
                           100.000000 % good
      block:   127812 exp    0.000000 % missed    0.000000 % dropped
                           100.000000 % good
total   6.519 GB  max buff 399024/1000001536 (0.0 % full)  mean frac 2.068e-08

port 16140 :  1151031 exp   22.271077 % missed    0.000000 % dropped    6.519 GB
                           100.000000 % good
      block:   213261 exp   40.067804 % missed    0.000000 % dropped
                           100.000000 % good
total   7.451 GB  max buff 399024/1000001536 (0.0 % full)  mean frac 1.810e-08

port 16140 :  1278843 exp   20.045228 % missed    0.000000 % dropped    7.451 GB
                           100.000000 % good
      block:   127812 exp    0.000000 % missed    0.000000 % dropped
                           100.000000 % good
total   8.382 GB  max buff 399024/1000001536 (0.0 % full)  mean frac 1.609e-08

port 16140 :  1492104 exp   22.906982 % missed    0.000000 % dropped    8.382 GB
                           100.000000 % good
      block:   213261 exp   40.067804 % missed    0.000000 % dropped
                           100.000000 % good
total   9.313 GB  max buff 399024/1000001536 (0.0 % full)  mean frac 1.449e-08

port 16140 :  1619916 exp   21.099613 % missed    0.000000 % dropped    9.313 GB
                           100.000000 % good
      block:   127812 exp    0.000000 % missed    0.000000 % dropped
                           100.000000 % good
total  10.245 GB  max buff 399024/1000001536 (0.0 % full)  mean frac 1.317e-08

port 16140 :  1833178 exp   23.306302 % missed    0.000000 % dropped   10.245 GB
                           100.000000 % good
      block:   213262 exp   40.068085 % missed    0.000000 % dropped
                           100.000000 % good
total  11.176 GB  max buff 399024/1000001536 (0.0 % full)  mean frac 1.399e-08

port 16140 :  1960990 exp   21.787261 % missed    0.000000 % dropped   11.176 GB
                           100.000000 % good
      block:   127812 exp    0.000000 % missed    0.000000 % dropped
                           100.000000 % good
total  12.107 GB  max buff 399024/1000001536 (0.0 % full)  mean frac 1.292e-08

port 16140 :  2088802 exp   20.454117 % missed    0.000000 % dropped   12.107 GB
                           100.000000 % good
      block:   127812 exp    0.000000 % missed    0.000000 % dropped
                           100.000000 % good
total  13.039 GB  max buff 399024/1000001536 (0.0 % full)  mean frac 1.200e-08

port 16140 :  2302063 exp   22.271111 % missed    0.000000 % dropped   13.039 GB
                           100.000000 % good
      block:   213261 exp   40.067804 % missed    0.000000 % dropped
                           100.000000 % good
total  13.970 GB  max buff 399024/1000001536 (0.0 % full)  mean frac 1.120e-08

port 16140 :  2429875 exp   21.099645 % missed    0.000000 % dropped   13.970 GB
                           100.000000 % good
      block:   127812 exp    0.000000 % missed    0.000000 % dropped
                           100.000000 % good
total  14.901 GB  max buff 399024/1000001536 (0.0 % full)  mean frac 1.050e-08

port 16140 :  2643136 exp   22.630088 % missed    0.000000 % dropped   14.901 GB
                           100.000000 % good
      block:   213261 exp   40.067804 % missed    0.000000 % dropped
                           100.000000 % good
total  15.833 GB  max buff 399024/1000001536 (0.0 % full)  mean frac 1.134e-08

port 16140 :  2770948 exp   21.586259 % missed    0.000000 % dropped   15.833 GB
                           100.000000 % good
      block:   127812 exp    0.000000 % missed    0.000000 % dropped
                           100.000000 % good
total  16.764 GB  max buff 399024/1000001536 (0.0 % full)  mean frac 1.071e-08

port 16140 :  2984209 exp   22.907008 % missed    0.000000 % dropped   16.764 GB
                           100.000000 % good
      block:   213261 exp   40.067804 % missed    0.000000 % dropped
                           100.000000 % good
total  17.695 GB  max buff 399024/1000001536 (0.0 % full)  mean frac 1.015e-08

port 16140 :  3112021 exp   21.966208 % missed    0.000000 % dropped   17.695 GB
                           100.000000 % good
      block:   127812 exp    0.000000 % missed    0.000000 % dropped
                           100.000000 % good
total  18.626 GB  max buff 399024/1000001536 (0.0 % full)  mean frac 1.012e-08

port 16140 :  3325282 exp   23.127121 % missed    0.000000 % dropped   18.626 GB
                           100.000000 % good
      block:   213261 exp   40.067804 % missed    0.000000 % dropped
                           100.000000 % good
total  19.558 GB  max buff 399024/1000001536 (0.0 % full)  mean frac 9.637e-09

port 16140 :  3453094 exp   22.271099 % missed    0.000000 % dropped   19.558 GB
                           100.000000 % good
      block:   127812 exp    0.000000 % missed    0.000000 % dropped
                           100.000000 % good
total  20.489 GB  max buff 2151600/1000001536 (0.2 % full)  mean frac 1.169e-07

port 16140 :  3666355 exp   23.306281 % missed    0.000000 % dropped   20.489 GB
                           100.000000 % good
      block:   213261 exp   40.067804 % missed    0.000000 % dropped
                           100.000000 % good
total  21.420 GB  max buff 2151600/1000001536 (0.2 % full)  mean frac 1.118e-07

port 16140 :  3794167 exp   22.521175 % missed    0.000000 % dropped   21.420 GB
                           100.000000 % good
      block:   127812 exp    0.000000 % missed    0.000000 % dropped
                           100.000000 % good
total  22.352 GB  max buff 2151600/1000001536 (0.2 % full)  mean frac 1.072e-07

port 16140 :  3921979 exp   21.787241 % missed    0.000000 % dropped   22.352 GB
                           100.000000 % good
      block:   127812 exp    0.000000 % missed    0.000000 % dropped
                           100.000000 % good
total  23.283 GB  max buff 2151600/1000001536 (0.2 % full)  mean frac 1.029e-07

port 16140 :  4135241 exp   22.730017 % missed    0.000000 % dropped   23.283 GB
                           100.000000 % good
      block:   213262 exp   40.068085 % missed    0.000000 % dropped
                           100.000000 % good
total  24.214 GB  max buff 2151600/1000001536 (0.2 % full)  mean frac 9.891e-08

port 16140 :  4263053 exp   22.048541 % missed    0.000000 % dropped   24.214 GB
                           100.000000 % good
      block:   127812 exp    0.000000 % missed    0.000000 % dropped
                           100.000000 % good
total  25.146 GB  max buff 2151600/1000001536 (0.2 % full)  mean frac 9.525e-08

port 16140 :  4476314 exp   22.907017 % missed    0.000000 % dropped   25.146 GB
                           100.000000 % good
      block:   213261 exp   40.067804 % missed    0.000000 % dropped
                           100.000000 % good
total  26.077 GB  max buff 2151600/1000001536 (0.2 % full)  mean frac 9.185e-08

port 16140 :  4604126 exp   22.271111 % missed    0.000000 % dropped   26.077 GB
                           100.000000 % good
      block:   127812 exp    0.000000 % missed    0.000000 % dropped
                           100.000000 % good
total  27.008 GB  max buff 2151600/1000001536 (0.2 % full)  mean frac 8.900e-08

port 16140 :  4817387 exp   23.058953 % missed    0.000000 % dropped   27.008 GB
                           100.000000 % good
      block:   213261 exp   40.067804 % missed    0.000000 % dropped
                           100.000000 % good
total  27.940 GB  max buff 2151600/1000001536 (0.2 % full)  mean frac 8.604e-08

port 16140 :  4945199 exp   22.462979 % missed    0.000000 % dropped   27.940 GB
                           100.000000 % good
      block:   127812 exp    0.000000 % missed    0.000000 % dropped
                           100.000000 % good
total  28.871 GB  max buff 2151600/1000001536 (0.2 % full)  mean frac 8.327e-08

port 16140 :  5158460 exp   23.190797 % missed    0.000000 % dropped   28.871 GB
                           100.000000 % good
      block:   213261 exp   40.067804 % missed    0.000000 % dropped
                           100.000000 % good
total  29.802 GB  max buff 2151600/1000001536 (0.2 % full)  mean frac 8.067e-08

port 16140 :  5286272 exp   22.630088 % missed    0.000000 % dropped   29.802 GB
                           100.000000 % good
      block:   127812 exp    0.000000 % missed    0.000000 % dropped
                           100.000000 % good
total  30.734 GB  max buff 2151600/1000001536 (0.2 % full)  mean frac 7.822e-08

port 16140 :  5499533 exp   23.306288 % missed    0.000000 % dropped   30.734 GB
                           100.000000 % good
      block:   213261 exp   40.067804 % missed    0.000000 % dropped
                           100.000000 % good
total  31.665 GB  max buff 2151600/1000001536 (0.2 % full)  mean frac 7.592e-08

port 16140 :  5627345 exp   22.776940 % missed    0.000000 % dropped   31.665 GB
                           100.000000 % good
      block:   127812 exp    0.000000 % missed    0.000000 % dropped
                           100.000000 % good
total  32.596 GB  max buff 2151600/1000001536 (0.2 % full)  mean frac 7.375e-08

port 16140 :  5755157 exp   22.271104 % missed    0.000000 % dropped   32.596 GB
                           100.000000 % good
      block:   127812 exp    0.000000 % missed    0.000000 % dropped
                           100.000000 % good
total  33.528 GB  max buff 2151600/1000001536 (0.2 % full)  mean frac 7.170e-08

port 16140 :  5968419 exp   22.907021 % missed    0.000000 % dropped   33.528 GB
                           100.000000 % good
      block:   213262 exp   40.068085 % missed    0.000000 % dropped
                           100.000000 % good
total  34.459 GB  max buff 2151600/1000001536 (0.2 % full)  mean frac 6.977e-08

port 16140 :  6096231 exp   22.426758 % missed    0.000000 % dropped   34.459 GB
                           100.000000 % good
      block:   127812 exp    0.000000 % missed    0.000000 % dropped
                           100.000000 % good
total  35.390 GB  max buff 2151600/1000001536 (0.2 % full)  mean frac 6.793e-08

port 16140 :  6309492 exp   23.023026 % missed    0.000000 % dropped   35.390 GB
                           100.000000 % good
      block:   213261 exp   40.067804 % missed    0.000000 % dropped
                           100.000000 % good
total  36.322 GB  max buff 2151600/1000001536 (0.2 % full)  mean frac 6.619e-08

port 16140 :  6437304 exp   22.565906 % missed    0.000000 % dropped   36.322 GB
                           100.000000 % good
      block:   127812 exp    0.000000 % missed    0.000000 % dropped
                           100.000000 % good
total  37.253 GB  max buff 2151600/1000001536 (0.2 % full)  mean frac 6.453e-08

port 16140 :  6650565 exp   23.127133 % missed    0.000000 % dropped   37.253 GB
                           100.000000 % good
      block:   213261 exp   40.067804 % missed    0.000000 % dropped
                           100.000000 % good
total  38.184 GB  max buff 2151600/1000001536 (0.2 % full)  mean frac 6.296e-08

port 16140 :  6778377 exp   22.691051 % missed    0.000000 % dropped   38.184 GB
                           100.000000 % good
      block:   127812 exp    0.000000 % missed    0.000000 % dropped
                           100.000000 % good
total  39.116 GB  max buff 2151600/1000001536 (0.2 % full)  mean frac 6.146e-08

port 16140 :  6991638 exp   23.221082 % missed    0.000000 % dropped   39.116 GB
                           100.000000 % good
      block:   213261 exp   40.067804 % missed    0.000000 % dropped
                           100.000000 % good
total  40.047 GB  max buff 2151600/1000001536 (0.2 % full)  mean frac 6.003e-08

port 16140 :  7119450 exp   22.804205 % missed    0.000000 % dropped   40.047 GB
                           100.000000 % good
      block:   127812 exp    0.000000 % missed    0.000000 % dropped
                           100.000000 % good
total  40.978 GB  max buff 2151600/1000001536 (0.2 % full)  mean frac 5.868e-08

port 16140 :  7332711 exp   23.306291 % missed    0.000000 % dropped   40.978 GB
                           100.000000 % good
      block:   213261 exp   40.067804 % missed    0.000000 % dropped
                           100.000000 % good
total  41.910 GB  max buff 2151600/1000001536 (0.2 % full)  mean frac 5.737e-08

port 16140 :  7460523 exp   22.907013 % missed    0.000000 % dropped   41.910 GB
                           100.000000 % good
      block:   127812 exp    0.000000 % missed    0.000000 % dropped
                           100.000000 % good
total  42.841 GB  max buff 2151600/1000001536 (0.2 % full)  mean frac 5.613e-08

port 16140 :  7588335 exp   22.521185 % missed    0.000000 % dropped   42.841 GB
                           100.000000 % good
      block:   127812 exp    0.000000 % missed    0.000000 % dropped
                           100.000000 % good
total  43.772 GB  max buff 2151600/1000001536 (0.2 % full)  mean frac 5.494e-08

port 16140 :  7716147 exp   22.148139 % missed    0.000000 % dropped   43.772 GB
                           100.000000 % good
      block:   127812 exp    0.000000 % missed    0.000000 % dropped
                           100.000000 % good
total  44.704 GB  max buff 2151600/1000001536 (0.2 % full)  mean frac 5.379e-08

port 16140 :  7843959 exp   21.787251 % missed    0.000000 % dropped   44.704 GB
                           100.000000 % good
      block:   127812 exp    0.000000 % missed    0.000000 % dropped
                           100.000000 % good
total  45.635 GB  max buff 2151600/1000001536 (0.2 % full)  mean frac 5.270e-08

port 16140 :  7971771 exp   21.437934 % missed    0.000000 % dropped   45.635 GB
                           100.000000 % good
      block:   127812 exp    0.000000 % missed    0.000000 % dropped
                           100.000000 % good
total  46.566 GB  max buff 2151600/1000001536 (0.2 % full)  mean frac 5.164e-08

port 16140 :  8099583 exp   21.099642 % missed    0.000000 % dropped   46.566 GB
                           100.000000 % good
      block:   127812 exp    0.000000 % missed    0.000000 % dropped
                           100.000000 % good
total  47.498 GB  max buff 2151600/1000001536 (0.2 % full)  mean frac 5.063e-08

port 16140 :  8227395 exp   20.771860 % missed    0.000000 % dropped   47.498 GB
                           100.000000 % good
      block:   127812 exp    0.000000 % missed    0.000000 % dropped
                           100.000000 % good
total  48.429 GB  max buff 2151600/1000001536 (0.2 % full)  mean frac 4.966e-08

port 16140 :  8355207 exp   20.454107 % missed    0.000000 % dropped   48.429 GB
                           100.000000 % good
      block:   127812 exp    0.000000 % missed    0.000000 % dropped
                           100.000000 % good
total  49.360 GB  max buff 2151600/1000001536 (0.2 % full)  mean frac 4.872e-08

port 16140 :  8483019 exp   20.145929 % missed    0.000000 % dropped   49.360 GB
                           100.000000 % good
      block:   127812 exp    0.000000 % missed    0.000000 % dropped
                           100.000000 % good
total  50.291 GB  max buff 2151600/1000001536 (0.2 % full)  mean frac 4.782e-08

port 16140 :  8610831 exp   19.846900 % missed    0.000000 % dropped   50.291 GB
                           100.000000 % good
      block:   127812 exp    0.000000 % missed    0.000000 % dropped
                           100.000000 % good
total  51.223 GB  max buff 2151600/1000001536 (0.2 % full)  mean frac 4.695e-08

port 16140 :  8738643 exp   19.556618 % missed    0.000000 % dropped   51.223 GB
                           100.000000 % good
      block:   127812 exp    0.000000 % missed    0.000000 % dropped
                           100.000000 % good
total  52.154 GB  max buff 2151600/1000001536 (0.2 % full)  mean frac 4.628e-08

port 16140 :  8866455 exp   19.274704 % missed    0.000000 % dropped   52.154 GB
                           100.000000 % good
      block:   127812 exp    0.000000 % missed    0.000000 % dropped
                           100.000000 % good
total  53.085 GB  max buff 2151600/1000001536 (0.2 % full)  mean frac 4.547e-08

port 16140 :  8994267 exp   19.000804 % missed    0.000000 % dropped   53.085 GB
                           100.000000 % good
      block:   127812 exp    0.000000 % missed    0.000000 % dropped
                           100.000000 % good
total  54.017 GB  max buff 2151600/1000001536 (0.2 % full)  mean frac 4.468e-08

port 16140 :  9122079 exp   18.734578 % missed    0.000000 % dropped   54.017 GB
                           100.000000 % good
      block:   127812 exp    0.000000 % missed    0.000000 % dropped
                           100.000000 % good
total  54.948 GB  max buff 2151600/1000001536 (0.2 % full)  mean frac 4.393e-08

port 16140 :  9249891 exp   18.475710 % missed    0.000000 % dropped   54.948 GB
                           100.000000 % good
      block:   127812 exp    0.000000 % missed    0.000000 % dropped
                           100.000000 % good
total  55.879 GB  max buff 2151600/1000001536 (0.2 % full)  mean frac 4.320e-08

port 16140 :  9377703 exp   18.223898 % missed    0.000000 % dropped   55.879 GB
                           100.000000 % good
      block:   127812 exp    0.000000 % missed    0.000000 % dropped
                           100.000000 % good
total  56.811 GB  max buff 2151600/1000001536 (0.2 % full)  mean frac 4.249e-08

port 16140 :  9505515 exp   17.978858 % missed    0.000000 % dropped   56.811 GB
                           100.000000 % good
      block:   127812 exp    0.000000 % missed    0.000000 % dropped
                           100.000000 % good
total  57.742 GB  max buff 2151600/1000001536 (0.2 % full)  mean frac 4.181e-08

port 16140 :  9633327 exp   17.740320 % missed    0.000000 % dropped   57.742 GB
                           100.000000 % good
      block:   127812 exp    0.000000 % missed    0.000000 % dropped
                           100.000000 % good
total  58.673 GB  max buff 2151600/1000001536 (0.2 % full)  mean frac 4.115e-08

port 16140 :  9761139 exp   17.508029 % missed    0.000000 % dropped   58.673 GB
                           100.000000 % good
      block:   127812 exp    0.000000 % missed    0.000000 % dropped
                           100.000000 % good
total  59.605 GB  max buff 2151600/1000001536 (0.2 % full)  mean frac 4.051e-08

port 16140 :  9888951 exp   17.281742 % missed    0.000000 % dropped   59.605 GB
                           100.000000 % good
      block:   127812 exp    0.000000 % missed    0.000000 % dropped
                           100.000000 % good
total  60.536 GB  max buff 2151600/1000001536 (0.2 % full)  mean frac 3.988e-08

port 16140 : 10016763 exp   17.061230 % missed    0.000000 % dropped   60.536 GB
                           100.000000 % good
      block:   127812 exp    0.000000 % missed    0.000000 % dropped
                           100.000000 % good
total  61.467 GB  max buff 2151600/1000001536 (0.2 % full)  mean frac 3.928e-08

port 16140 : 10144575 exp   16.846275 % missed    0.000000 % dropped   61.467 GB
                           100.000000 % good
      block:   127812 exp    0.000000 % missed    0.000000 % dropped
                           100.000000 % good
total  62.399 GB  max buff 2151600/1000001536 (0.2 % full)  mean frac 3.870e-08

port 16140 : 10272387 exp   16.636669 % missed    0.000000 % dropped   62.399 GB
                           100.000000 % good
      block:   127812 exp    0.000000 % missed    0.000000 % dropped
                           100.000000 % good
total  63.330 GB  max buff 2151600/1000001536 (0.2 % full)  mean frac 3.813e-08

port 16140 : 10400199 exp   16.432214 % missed    0.000000 % dropped   63.330 GB
                           100.000000 % good
      block:   127812 exp    0.000000 % missed    0.000000 % dropped
                           100.000000 % good
total  64.261 GB  max buff 2151600/1000001536 (0.2 % full)  mean frac 3.758e-08

port 16140 : 10528011 exp   16.232724 % missed    0.000000 % dropped   64.261 GB
                           100.000000 % good
      block:   127812 exp    0.000000 % missed    0.000000 % dropped
                           100.000000 % good
total  65.193 GB  max buff 2151600/1000001536 (0.2 % full)  mean frac 3.704e-08

port 16140 : 10655823 exp   16.038020 % missed    0.000000 % dropped   65.193 GB
                           100.000000 % good
      block:   127812 exp    0.000000 % missed    0.000000 % dropped
                           100.000000 % good
total  66.124 GB  max buff 2151600/1000001536 (0.2 % full)  mean frac 3.652e-08

port 16140 : 10881292 exp   16.603175 % missed    0.000000 % dropped   66.124 GB
                           100.000000 % good
      block:   225469 exp   43.312828 % missed    0.000000 % dropped
                           100.000000 % good
total  67.055 GB  max buff 2151600/1000001536 (0.2 % full)  mean frac 3.601e-08

port 16140 : 11009104 exp   16.410418 % missed    0.000000 % dropped   67.055 GB
                           100.000000 % good
      block:   127812 exp    0.000000 % missed    0.000000 % dropped
                           100.000000 % good
total  67.987 GB  max buff 2151600/1000001536 (0.2 % full)  mean frac 3.552e-08

port 16140 : 11136916 exp   16.222085 % missed    0.000000 % dropped   67.987 GB
                           100.000000 % good
      block:   127812 exp    0.000000 % missed    0.000000 % dropped
                           100.000000 % good
total  68.918 GB  max buff 2151600/1000001536 (0.2 % full)  mean frac 3.504e-08

port 16140 : 11264728 exp   16.038026 % missed    0.000000 % dropped   68.918 GB
                           100.000000 % good
      block:   127812 exp    0.000000 % missed    0.000000 % dropped
                           100.000000 % good
total  69.849 GB  max buff 2151600/1000001536 (0.2 % full)  mean frac 3.457e-08

port 16140 : 11392540 exp   15.858097 % missed    0.000000 % dropped   69.849 GB
                           100.000000 % good
      block:   127812 exp    0.000000 % missed    0.000000 % dropped
                           100.000000 % good
total  70.781 GB  max buff 2151600/1000001536 (0.2 % full)  mean frac 3.412e-08

port 16140 : 11520352 exp   15.682160 % missed    0.000000 % dropped   70.781 GB
                           100.000000 % good
      block:   127812 exp    0.000000 % missed    0.000000 % dropped
                           100.000000 % good
total  71.712 GB  max buff 2151600/1000001536 (0.2 % full)  mean frac 3.368e-08

port 16140 : 11648164 exp   15.510084 % missed    0.000000 % dropped   71.712 GB
                           100.000000 % good
      block:   127812 exp    0.000000 % missed    0.000000 % dropped
                           100.000000 % good
total  72.643 GB  max buff 2151600/1000001536 (0.2 % full)  mean frac 3.325e-08

port 16140 : 11775976 exp   15.341743 % missed    0.000000 % dropped   72.643 GB
                           100.000000 % good
      block:   127812 exp    0.000000 % missed    0.000000 % dropped
                           100.000000 % good
total  73.575 GB  max buff 2151600/1000001536 (0.2 % full)  mean frac 3.283e-08

port 16140 : 11903788 exp   15.177018 % missed    0.000000 % dropped   73.575 GB
                           100.000000 % good
      block:   127812 exp    0.000000 % missed    0.000000 % dropped
                           100.000000 % good
total  74.506 GB  max buff 2151600/1000001536 (0.2 % full)  mean frac 3.241e-08

port 16140 : 12031600 exp   15.015792 % missed    0.000000 % dropped   74.506 GB
                           100.000000 % good
      block:   127812 exp    0.000000 % missed    0.000000 % dropped
                           100.000000 % good
total  75.437 GB  max buff 2151600/1000001536 (0.2 % full)  mean frac 3.201e-08

port 16140 : 12159412 exp   14.857955 % missed    0.000000 % dropped   75.437 GB
                           100.000000 % good
      block:   127812 exp    0.000000 % missed    0.000000 % dropped
                           100.000000 % good
total  76.369 GB  max buff 2151600/1000001536 (0.2 % full)  mean frac 3.162e-08

port 16140 : 12287224 exp   14.703402 % missed    0.000000 % dropped   76.369 GB
                           100.000000 % good
      block:   127812 exp    0.000000 % missed    0.000000 % dropped
                           100.000000 % good
total  77.300 GB  max buff 2151600/1000001536 (0.2 % full)  mean frac 3.124e-08

port 16140 : 12415036 exp   14.552032 % missed    0.000000 % dropped   77.300 GB
                           100.000000 % good
      block:   127812 exp    0.000000 % missed    0.000000 % dropped
                           100.000000 % good
total  78.231 GB  max buff 2151600/1000001536 (0.2 % full)  mean frac 3.087e-08

port 16140 : 12542848 exp   14.403746 % missed    0.000000 % dropped   78.231 GB
                           100.000000 % good
      block:   127812 exp    0.000000 % missed    0.000000 % dropped
                           100.000000 % good
total  79.163 GB  max buff 2151600/1000001536 (0.2 % full)  mean frac 3.062e-08

port 16140 : 12670660 exp   14.258452 % missed    0.000000 % dropped   79.163 GB
                           100.000000 % good
      block:   127812 exp    0.000000 % missed    0.000000 % dropped
                           100.000000 % good
total  80.094 GB  max buff 2151600/1000001536 (0.2 % full)  mean frac 3.026e-08

port 16140 : 12798472 exp   14.116060 % missed    0.000000 % dropped   80.094 GB
                           100.000000 % good
      block:   127812 exp    0.000000 % missed    0.000000 % dropped
                           100.000000 % good
total  81.025 GB  max buff 2151600/1000001536 (0.2 % full)  mean frac 2.992e-08

port 16140 : 12926284 exp   13.976484 % missed    0.000000 % dropped   81.025 GB
                           100.000000 % good
      block:   127812 exp    0.000000 % missed    0.000000 % dropped
                           100.000000 % good
total  81.956 GB  max buff 2151600/1000001536 (0.2 % full)  mean frac 2.958e-08

port 16140 : 13054096 exp   13.839641 % missed    0.000000 % dropped   81.956 GB
                           100.000000 % good
      block:   127812 exp    0.000000 % missed    0.000000 % dropped
                           100.000000 % good
total  82.888 GB  max buff 2151600/1000001536 (0.2 % full)  mean frac 2.924e-08

port 16140 : 13181908 exp   13.705451 % missed    0.000000 % dropped   82.888 GB
                           100.000000 % good
      block:   127812 exp    0.000000 % missed    0.000000 % dropped
                           100.000000 % good
total  83.819 GB  max buff 2151600/1000001536 (0.2 % full)  mean frac 2.892e-08

port 16140 : 13309720 exp   13.573839 % missed    0.000000 % dropped   83.819 GB
                           100.000000 % good
      block:   127812 exp    0.000000 % missed    0.000000 % dropped
                           100.000000 % good
total  84.750 GB  max buff 2151600/1000001536 (0.2 % full)  mean frac 2.860e-08

port 16140 : 13437532 exp   13.444731 % missed    0.000000 % dropped   84.750 GB
                           100.000000 % good
      block:   127812 exp    0.000000 % missed    0.000000 % dropped
                           100.000000 % good
total  85.682 GB  max buff 2151600/1000001536 (0.2 % full)  mean frac 2.829e-08

port 16140 : 13565344 exp   13.318055 % missed    0.000000 % dropped   85.682 GB
                           100.000000 % good
      block:   127812 exp    0.000000 % missed    0.000000 % dropped
                           100.000000 % good
total  86.613 GB  max buff 2151600/1000001536 (0.2 % full)  mean frac 2.799e-08

port 16140 : 13693156 exp   13.193744 % missed    0.000000 % dropped   86.613 GB
                           100.000000 % good
      block:   127812 exp    0.000000 % missed    0.000000 % dropped
                           100.000000 % good
caught signal 14  (ALRM)   end_time reached
total  86.776 GB  max buff 2151600/1000001536 (0.2 % full)  mean frac 2.793e-08

port 16140 : 13715545 exp   13.172207 % missed    0.000000 % dropped   86.776 GB
                           100.000000 % good
      block:    22389 exp    0.000000 % missed    0.000000 % dropped
                           100.000000 % good
SKIP: init 2: 1 for nsock=1
stopping
MYDEBUG consumer(), line 1229  detected stopped==2  oldpoi=(nil)
MYDEBUG consumer(), line 1249  my_stopped==2

total per socket:  (with checks for beamformed data and with checks for packets dropped by kernel)
port 16140 :  expected packets  13715545
                missed packets   1806640    13.172207 % of exp
                  seen packets  11908905    86.827793 % of exp
                  good packets  11908905   100.000000 % of seen
               dropped packets         0     0.000000 % of seen
               written packets  11908905   100.000000 % of seen
                                            86.827793 % of exp
         dropped by kernel       636     0.005340 % of (seen+dropped by kernel)
                   volume     86.776 GB

total  86.776 GB  max buff 2151600/1000001536 (0.2 % full)  mean frac 2.793e-08
discarding packet
MYDEBUG producer(), line 878  stopped==2: closing sockets
MYDEBUG producer(), line 901  calling pthread_exit()
closing starlink_16140.radio.2026-03-07T17:36:18.000_0000.zst
compression: 93175272720 -> 34437024375  reduced to 36.959 %
MYDEBUG consumer(), line 1324  calling pthread_exit()
regular exit of dump_udp_ow_17.c with MYDEBUG
